"﻿web_scraper_order","web_scraper_start_url","sede","codigo","horario","grupo","creditos"
"1789514539-1","https://tec-appsext.itcr.ac.cr/guiahorarios/estudiante.aspx","CAMPUS TECNOLOGICO CENTRAL CARTAGO","AE4208","MAR[17:00-20:50]","1","4"
"1789514539-2","https://tec-appsext.itcr.ac.cr/guiahorarios/estudiante.aspx","CAMPUS TECNOLOGICO LOCAL SAN CARLOS","AE4208","MAR[07:55-11:30]","50","4"
"1789514539-3","https://tec-appsext.itcr.ac.cr/guiahorarios/estudiante.aspx","CAMPUS TECNOLOGICO LOCAL SAN JOSE","AE4208","JUE[13:00-16:50]","40","4"
"1789514539-4","https://tec-appsext.itcr.ac.cr/guiahorarios/estudiante.aspx","CAMPUS TECNOLOGICO CENTRAL CARTAGO","AE4208","JUE[17:00-20:50]","3","4"
"1789514539-5","https://tec-appsext.itcr.ac.cr/guiahorarios/estudiante.aspx","CAMPUS TECNOLOGICO CENTRAL CARTAGO","AE4208","MIE[17:00-20:50]","2","4"
"1789514539-6","https://tec-appsext.itcr.ac.cr/guiahorarios/estudiante.aspx","CAMPUS TECNOLOGICO CENTRAL CARTAGO","AE4208","LUN[07:30-11:20]","5","4"
"1789514539-7","https://tec-appsext.itcr.ac.cr/guiahorarios/estudiante.aspx","CAMPUS TECNOLOGICO CENTRAL CARTAGO","AE4208","JUE[17:00-20:50]","6","4"
"1789514539-8","https://tec-appsext.itcr.ac.cr/guiahorarios/estudiante.aspx","CAMPUS TECNOLOGICO CENTRAL CARTAGO","AE4208","VIE[07:30-11:20]","4","4"
"1789514539-9","https://tec-appsext.itcr.ac.cr/guiahorarios/estudiante.aspx","CENTRO ACADEMICO DE ALAJUELA","AE4208","MIE[17:00-20:50]","20","4"
"1789514539-10","https://tec-appsext.itcr.ac.cr/guiahorarios/estudiante.aspx","CAMPUS TECNOLOGICO CENTRAL CARTAGO","AE4208","VIE[07:30-11:20]","7","4"
"1789514539-11","https://tec-appsext.itcr.ac.cr/guiahorarios/estudiante.aspx","CAMPUS TECNOLOGICO CENTRAL CARTAGO","CE1101","JUE[07:30-09:20] MAR[07:30-09:20]","1","3"
"1789514539-12","https://tec-appsext.itcr.ac.cr/guiahorarios/estudiante.aspx","CAMPUS TECNOLOGICO CENTRAL CARTAGO","CE1101","JUE[09:30-11:20] MAR[09:30-11:20]","2","3"
"1789514539-13","https://tec-appsext.itcr.ac.cr/guiahorarios/estudiante.aspx","CAMPUS TECNOLOGICO CENTRAL CARTAGO","CE1103","JUE[09:30-11:20] MAR[09:30-11:20]","3","4"
"1789514539-14","https://tec-appsext.itcr.ac.cr/guiahorarios/estudiante.aspx","CAMPUS TECNOLOGICO CENTRAL CARTAGO","CE1103","JUE[15:00-16:50] MAR[15:00-16:50]","2","4"
"1789514539-15","https://tec-appsext.itcr.ac.cr/guiahorarios/estudiante.aspx","CAMPUS TECNOLOGICO CENTRAL CARTAGO","CE1103","MIE[17:00-18:50] VIE[17:00-18:50]","1","4"
"1789514539-16","https://tec-appsext.itcr.ac.cr/guiahorarios/estudiante.aspx","CAMPUS TECNOLOGICO CENTRAL CARTAGO","CE1104","JUE[07:30-09:20] MAR[07:30-09:20]","1","3"
"1789514539-17","https://tec-appsext.itcr.ac.cr/guiahorarios/estudiante.aspx","CAMPUS TECNOLOGICO CENTRAL CARTAGO","CE1105","JUE[19:00-20:50] MAR[19:00-20:50]","3","3"
"1789514539-18","https://tec-appsext.itcr.ac.cr/guiahorarios/estudiante.aspx","CAMPUS TECNOLOGICO CENTRAL CARTAGO","CE1105","JUE[17:00-18:50] MAR[17:00-18:50]","1","3"
"1789514539-19","https://tec-appsext.itcr.ac.cr/guiahorarios/estudiante.aspx","CAMPUS TECNOLOGICO CENTRAL CARTAGO","CE1105","MIE[17:00-18:50] VIE[17:00-18:50]","2","3"
"1789514539-20","https://tec-appsext.itcr.ac.cr/guiahorarios/estudiante.aspx","CAMPUS TECNOLOGICO CENTRAL CARTAGO","CE1106","MIE[09:30-11:20] VIE[09:30-11:20]","1","3"
"1789514539-21","https://tec-appsext.itcr.ac.cr/guiahorarios/estudiante.aspx","CAMPUS TECNOLOGICO CENTRAL CARTAGO","CE1106","JUE[17:00-18:50] MAR[17:00-18:50]","2","3"
"1789514539-22","https://tec-appsext.itcr.ac.cr/guiahorarios/estudiante.aspx","CAMPUS TECNOLOGICO CENTRAL CARTAGO","CE1107","JUE[09:30-11:20] MAR[09:30-11:20]","1","4"
"1789514539-23","https://tec-appsext.itcr.ac.cr/guiahorarios/estudiante.aspx","CAMPUS TECNOLOGICO CENTRAL CARTAGO","CE1108","MIE[13:00-14:50] VIE[13:00-14:50]","1","4"
"1789514539-24","https://tec-appsext.itcr.ac.cr/guiahorarios/estudiante.aspx","CAMPUS TECNOLOGICO CENTRAL CARTAGO","CE1109","JUE[17:00-18:50] MAR[17:00-18:50]","1","4"
"1789514539-25","https://tec-appsext.itcr.ac.cr/guiahorarios/estudiante.aspx","CAMPUS TECNOLOGICO CENTRAL CARTAGO","CE1110","MIE[09:30-11:20] VIE[09:30-11:20]","1","4"
"1789514539-26","https://tec-appsext.itcr.ac.cr/guiahorarios/estudiante.aspx","CAMPUS TECNOLOGICO CENTRAL CARTAGO","CE1111","JUE[09:30-11:20] MAR[09:30-11:20]","1","3"
"1789514539-27","https://tec-appsext.itcr.ac.cr/guiahorarios/estudiante.aspx","CAMPUS TECNOLOGICO CENTRAL CARTAGO","CE1112","MIE[15:00-16:50] VIE[15:00-16:50]","1","3"
"1789514539-28","https://tec-appsext.itcr.ac.cr/guiahorarios/estudiante.aspx","CAMPUS TECNOLOGICO CENTRAL CARTAGO","CE1113","JUE[15:00-16:50] MAR[15:00-16:50]","1","3"
"1789514539-29","https://tec-appsext.itcr.ac.cr/guiahorarios/estudiante.aspx","CAMPUS TECNOLOGICO CENTRAL CARTAGO","CE1114","VIE[07:30-11:20]","1","4"
"1789514539-30","https://tec-appsext.itcr.ac.cr/guiahorarios/estudiante.aspx","CAMPUS TECNOLOGICO CENTRAL CARTAGO","CE1115","JUE[19:00-20:50] MAR[19:00-20:50]","1","3"
"1789514539-31","https://tec-appsext.itcr.ac.cr/guiahorarios/estudiante.aspx","CAMPUS TECNOLOGICO CENTRAL CARTAGO","CE1116","JUE[19:00-20:50] MAR[19:00-20:50]","1","4"
"1789514539-32","https://tec-appsext.itcr.ac.cr/guiahorarios/estudiante.aspx","CAMPUS TECNOLOGICO CENTRAL CARTAGO","CE1117","LUN[18:00-21:50]","1","3"
"1789514539-33","https://tec-appsext.itcr.ac.cr/guiahorarios/estudiante.aspx","CAMPUS TECNOLOGICO CENTRAL CARTAGO","CE2103","JUE[07:30-09:20] MAR[07:30-09:20]","1","4"
"1789514539-34","https://tec-appsext.itcr.ac.cr/guiahorarios/estudiante.aspx","CAMPUS TECNOLOGICO CENTRAL CARTAGO","CE2201","LUN[09:30-11:20]","1","1"
"1789514539-35","https://tec-appsext.itcr.ac.cr/guiahorarios/estudiante.aspx","CAMPUS TECNOLOGICO CENTRAL CARTAGO","CE2201","LUN[07:30-09:20]","2","1"
"1789514539-36","https://tec-appsext.itcr.ac.cr/guiahorarios/estudiante.aspx","CAMPUS TECNOLOGICO CENTRAL CARTAGO","CE3101","MIE[19:00-20:50] VIE[19:00-20:50]","2","4"
"1789514539-37","https://tec-appsext.itcr.ac.cr/guiahorarios/estudiante.aspx","CAMPUS TECNOLOGICO CENTRAL CARTAGO","CE3101","MIE[19:00-20:50] VIE[19:00-20:50]","1","4"
"1789514539-38","https://tec-appsext.itcr.ac.cr/guiahorarios/estudiante.aspx","CAMPUS TECNOLOGICO CENTRAL CARTAGO","CE3201","JUE[13:00-14:50] SAB[08:30-10:20]","1","2"
"1789514539-39","https://tec-appsext.itcr.ac.cr/guiahorarios/estudiante.aspx","CAMPUS TECNOLOGICO CENTRAL CARTAGO","CE3201","MAR[13:00-14:50] SAB[10:30-12:20]","2","2"
"1789514539-40","https://tec-appsext.itcr.ac.cr/guiahorarios/estudiante.aspx","CAMPUS TECNOLOGICO CENTRAL CARTAGO","CE3201","JUE[13:00-14:50] SAB[08:30-10:20]","1","2"
"1789514539-41","https://tec-appsext.itcr.ac.cr/guiahorarios/estudiante.aspx","CAMPUS TECNOLOGICO CENTRAL CARTAGO","CE3201","MAR[13:00-14:50] SAB[10:30-12:20]","2","2"
"1789514539-42","https://tec-appsext.itcr.ac.cr/guiahorarios/estudiante.aspx","CAMPUS TECNOLOGICO CENTRAL CARTAGO","CE4301","MIE[15:00-16:50] VIE[15:00-16:50]","1","4"
"1789514539-43","https://tec-appsext.itcr.ac.cr/guiahorarios/estudiante.aspx","CAMPUS TECNOLOGICO CENTRAL CARTAGO","CE4302","JUE[13:00-14:50] MAR[13:00-14:50]","1","4"
"1789514539-44","https://tec-appsext.itcr.ac.cr/guiahorarios/estudiante.aspx","CAMPUS TECNOLOGICO CENTRAL CARTAGO","CE4302","MIE[13:00-14:50] VIE[13:00-14:50]","2","4"
"1789514539-45","https://tec-appsext.itcr.ac.cr/guiahorarios/estudiante.aspx","CAMPUS TECNOLOGICO CENTRAL CARTAGO","CE4303","JUE[15:00-16:50] MAR[15:00-16:50]","1","4"
"1789514539-46","https://tec-appsext.itcr.ac.cr/guiahorarios/estudiante.aspx","CAMPUS TECNOLOGICO CENTRAL CARTAGO","CE5301","JUE[17:00-18:50] MAR[17:00-18:50]","1","4"
"1789514539-47","https://tec-appsext.itcr.ac.cr/guiahorarios/estudiante.aspx","CAMPUS TECNOLOGICO CENTRAL CARTAGO","CE5601","JUE[18:00-20:50]","1","12"
"1789514539-48","https://tec-appsext.itcr.ac.cr/guiahorarios/estudiante.aspx","CAMPUS TECNOLOGICO LOCAL SAN CARLOS","CI1407","MIE[12:30-15:10]","50","2"
"1789514539-49","https://tec-appsext.itcr.ac.cr/guiahorarios/estudiante.aspx","CAMPUS TECNOLOGICO LOCAL SAN CARLOS","CI1407","MAR[12:30-15:10]","51","2"
"1789514539-50","https://tec-appsext.itcr.ac.cr/guiahorarios/estudiante.aspx","CAMPUS TECNOLOGICO CENTRAL CARTAGO","CI1407","LUN[09:30-12:20]","1","2"
"1789514539-51","https://tec-appsext.itcr.ac.cr/guiahorarios/estudiante.aspx","CENTRO ACADEMICO DE ALAJUELA","CI1407","JUE[13:00-15:50]","85","2"
"1789514539-52","https://tec-appsext.itcr.ac.cr/guiahorarios/estudiante.aspx","CAMPUS TECNOLOGICO CENTRAL CARTAGO","CI1407","MAR[13:00-15:50]","3","2"
"1789514539-53","https://tec-appsext.itcr.ac.cr/guiahorarios/estudiante.aspx","CAMPUS TECNOLOGICO CENTRAL CARTAGO","CI1407","JUE[13:00-15:50]","2","2"
"1789514539-54","https://tec-appsext.itcr.ac.cr/guiahorarios/estudiante.aspx","CAMPUS TECNOLOGICO CENTRAL CARTAGO","CI1407","VIE[07:30-10:20]","4","2"
"1789514539-55","https://tec-appsext.itcr.ac.cr/guiahorarios/estudiante.aspx","CAMPUS TECNOLOGICO CENTRAL CARTAGO","CI3203","MAR[13:00-15:50]","1","2"
"1789514539-56","https://tec-appsext.itcr.ac.cr/guiahorarios/estudiante.aspx","CAMPUS TECNOLOGICO CENTRAL CARTAGO","CS1502","MIE[09:30-11:20]","2","1"
"1789514539-57","https://tec-appsext.itcr.ac.cr/guiahorarios/estudiante.aspx","CAMPUS TECNOLOGICO CENTRAL CARTAGO","CS1502","MIE[17:00-18:50]","3","1"
"1789514539-58","https://tec-appsext.itcr.ac.cr/guiahorarios/estudiante.aspx","CAMPUS TECNOLOGICO CENTRAL CARTAGO","CS1502","MAR[15:00-16:50]","4","1"
"1789514539-59","https://tec-appsext.itcr.ac.cr/guiahorarios/estudiante.aspx","CAMPUS TECNOLOGICO LOCAL SAN CARLOS","CS1502","LUN[17:05-18:50]","50","1"
"1789514539-60","https://tec-appsext.itcr.ac.cr/guiahorarios/estudiante.aspx","CAMPUS TECNOLOGICO CENTRAL CARTAGO","CS1502","MIE[09:30-11:20]","5","1"
"1789514539-61","https://tec-appsext.itcr.ac.cr/guiahorarios/estudiante.aspx","CAMPUS TECNOLOGICO CENTRAL CARTAGO","CS1502","JUE[09:30-11:20]","1","1"
"1789514539-62","https://tec-appsext.itcr.ac.cr/guiahorarios/estudiante.aspx","CAMPUS TECNOLOGICO LOCAL SAN CARLOS","CS2101","MAR[13:25-16:05]","50","2"
"1789514539-63","https://tec-appsext.itcr.ac.cr/guiahorarios/estudiante.aspx","CAMPUS TECNOLOGICO LOCAL SAN CARLOS","CS2101","MIE[16:10-18:50]","51","2"
"1789514539-64","https://tec-appsext.itcr.ac.cr/guiahorarios/estudiante.aspx","CAMPUS TECNOLOGICO CENTRAL CARTAGO","CS2101","JUE[09:30-12:20]","5","2"
"1789514539-65","https://tec-appsext.itcr.ac.cr/guiahorarios/estudiante.aspx","CAMPUS TECNOLOGICO CENTRAL CARTAGO","CS2101","VIE[09:30-12:20]","1","2"
"1789514539-66","https://tec-appsext.itcr.ac.cr/guiahorarios/estudiante.aspx","CAMPUS TECNOLOGICO CENTRAL CARTAGO","CS2101","MIE[09:30-12:20]","3","2"
"1789514539-67","https://tec-appsext.itcr.ac.cr/guiahorarios/estudiante.aspx","CAMPUS TECNOLOGICO CENTRAL CARTAGO","CS2101","MIE[15:00-17:50]","4","2"
"1789514539-68","https://tec-appsext.itcr.ac.cr/guiahorarios/estudiante.aspx","CAMPUS TECNOLOGICO LOCAL SAN JOSE","CS2101","VIE[15:00-17:30]","40","2"
"1789514539-69","https://tec-appsext.itcr.ac.cr/guiahorarios/estudiante.aspx","CAMPUS TECNOLOGICO CENTRAL CARTAGO","CS2101","MAR[09:30-12:20]","2","2"
"1789514539-70","https://tec-appsext.itcr.ac.cr/guiahorarios/estudiante.aspx","CAMPUS TECNOLOGICO CENTRAL CARTAGO","CS2101","LUN[07:30-10:20]","6","2"
"1789514539-71","https://tec-appsext.itcr.ac.cr/guiahorarios/estudiante.aspx","CAMPUS TECNOLOGICO CENTRAL CARTAGO","CS2101","LUN[18:00-20:50]","7","2"
"1789514539-72","https://tec-appsext.itcr.ac.cr/guiahorarios/estudiante.aspx","CENTRO ACADEMICO DE LIMON","CS2101","JUE[09:30-12:20]","60","2"
"1789514539-73","https://tec-appsext.itcr.ac.cr/guiahorarios/estudiante.aspx","CAMPUS TECNOLOGICO CENTRAL CARTAGO","CS2101","MAR[18:00-20:50]","8","2"
"1789514539-74","https://tec-appsext.itcr.ac.cr/guiahorarios/estudiante.aspx","CENTRO ACADEMICO DE ALAJUELA","CS2101","LUN[09:00-11:50]","20","2"
"1789514539-75","https://tec-appsext.itcr.ac.cr/guiahorarios/estudiante.aspx","CAMPUS TECNOLOGICO CENTRAL CARTAGO","CS3404","LUN[18:00-20:50]","2","2"
"1789514539-76","https://tec-appsext.itcr.ac.cr/guiahorarios/estudiante.aspx","CAMPUS TECNOLOGICO CENTRAL CARTAGO","CS3404","MAR[18:00-20:50]","3","2"
"1789514539-77","https://tec-appsext.itcr.ac.cr/guiahorarios/estudiante.aspx","CAMPUS TECNOLOGICO CENTRAL CARTAGO","CS3404","MIE[18:00-20:50]","7","2"
"1789514539-78","https://tec-appsext.itcr.ac.cr/guiahorarios/estudiante.aspx","CAMPUS TECNOLOGICO CENTRAL CARTAGO","CS3404","LUN[18:00-20:50]","8","2"
"1789514539-79","https://tec-appsext.itcr.ac.cr/guiahorarios/estudiante.aspx","CAMPUS TECNOLOGICO CENTRAL CARTAGO","CS3404","MIE[18:00-20:50]","6","2"
"1789514539-80","https://tec-appsext.itcr.ac.cr/guiahorarios/estudiante.aspx","CAMPUS TECNOLOGICO CENTRAL CARTAGO","CS3404","MIE[13:00-15:50]","4","2"
"1789514539-81","https://tec-appsext.itcr.ac.cr/guiahorarios/estudiante.aspx","CAMPUS TECNOLOGICO CENTRAL CARTAGO","CS3404","MAR[13:00-15:50]","10","2"
"1789514539-82","https://tec-appsext.itcr.ac.cr/guiahorarios/estudiante.aspx","CAMPUS TECNOLOGICO CENTRAL CARTAGO","CS3404","VIE[09:30-12:20]","11","2"
"1789514539-83","https://tec-appsext.itcr.ac.cr/guiahorarios/estudiante.aspx","CAMPUS TECNOLOGICO LOCAL SAN CARLOS","CS3404","LUN[08:50-11:30]","50","2"
"1789514539-84","https://tec-appsext.itcr.ac.cr/guiahorarios/estudiante.aspx","CAMPUS TECNOLOGICO CENTRAL CARTAGO","CS3404","MIE[09:30-12:20]","5","2"
"1789514539-85","https://tec-appsext.itcr.ac.cr/guiahorarios/estudiante.aspx","CAMPUS TECNOLOGICO CENTRAL CARTAGO","CS3404","MAR[09:30-12:20]","9","2"
"1789514539-86","https://tec-appsext.itcr.ac.cr/guiahorarios/estudiante.aspx","CAMPUS TECNOLOGICO CENTRAL CARTAGO","CS3404","MAR[09:30-12:20]","1","2"
"1789514539-87","https://tec-appsext.itcr.ac.cr/guiahorarios/estudiante.aspx","CAMPUS TECNOLOGICO LOCAL SAN CARLOS","CS4402","JUE[08:50-11:30]","50","2"
"1789514539-88","https://tec-appsext.itcr.ac.cr/guiahorarios/estudiante.aspx","CAMPUS TECNOLOGICO LOCAL SAN CARLOS","CS4402","JUE[13:25-16:05]","52","2"
"1789514539-89","https://tec-appsext.itcr.ac.cr/guiahorarios/estudiante.aspx","CAMPUS TECNOLOGICO CENTRAL CARTAGO","CS4402","MAR[13:00-15:50]","8","2"
"1789514539-90","https://tec-appsext.itcr.ac.cr/guiahorarios/estudiante.aspx","CAMPUS TECNOLOGICO CENTRAL CARTAGO","CS4402","JUE[13:00-15:50]","16","2"
"1789514539-91","https://tec-appsext.itcr.ac.cr/guiahorarios/estudiante.aspx","CAMPUS TECNOLOGICO CENTRAL CARTAGO","CS4402","MIE[15:00-17:50]","3","2"
"1789514539-92","https://tec-appsext.itcr.ac.cr/guiahorarios/estudiante.aspx","CAMPUS TECNOLOGICO CENTRAL CARTAGO","CS4402","MAR[09:30-12:20]","4","2"
"1789514539-93","https://tec-appsext.itcr.ac.cr/guiahorarios/estudiante.aspx","CAMPUS TECNOLOGICO CENTRAL CARTAGO","CS4402","JUE[15:00-17:50]","6","2"
"1789514539-94","https://tec-appsext.itcr.ac.cr/guiahorarios/estudiante.aspx","CAMPUS TECNOLOGICO CENTRAL CARTAGO","CS4402","MAR[15:00-17:50]","12","2"
"1789514539-95","https://tec-appsext.itcr.ac.cr/guiahorarios/estudiante.aspx","CAMPUS TECNOLOGICO CENTRAL CARTAGO","CS4402","MIE[09:30-12:20]","9","2"
"1789514539-96","https://tec-appsext.itcr.ac.cr/guiahorarios/estudiante.aspx","CAMPUS TECNOLOGICO CENTRAL CARTAGO","CS4402","JUE[09:30-12:20]","11","2"
"1789514539-97","https://tec-appsext.itcr.ac.cr/guiahorarios/estudiante.aspx","CAMPUS TECNOLOGICO CENTRAL CARTAGO","CS4402","MIE[13:00-15:50]","14","2"
"1789514539-98","https://tec-appsext.itcr.ac.cr/guiahorarios/estudiante.aspx","CAMPUS TECNOLOGICO LOCAL SAN CARLOS","CS4402","JUE[08:50-11:30]","50","2"
"1789514539-99","https://tec-appsext.itcr.ac.cr/guiahorarios/estudiante.aspx","CAMPUS TECNOLOGICO CENTRAL CARTAGO","CS4402","MIE[09:30-12:20]","15","2"
"1789514539-100","https://tec-appsext.itcr.ac.cr/guiahorarios/estudiante.aspx","CAMPUS TECNOLOGICO CENTRAL CARTAGO","CS4402","JUE[15:00-17:50]","19","2"
"1789514539-101","https://tec-appsext.itcr.ac.cr/guiahorarios/estudiante.aspx","CAMPUS TECNOLOGICO LOCAL SAN JOSE","CS4402","MIE[17:30-20:15]","40","2"
"1789514539-102","https://tec-appsext.itcr.ac.cr/guiahorarios/estudiante.aspx","CAMPUS TECNOLOGICO CENTRAL CARTAGO","CS4402","MAR[18:00-20:50]","7","2"
"1789514539-103","https://tec-appsext.itcr.ac.cr/guiahorarios/estudiante.aspx","CAMPUS TECNOLOGICO CENTRAL CARTAGO","CS4402","JUE[18:00-20:50]","13","2"
"1789514539-104","https://tec-appsext.itcr.ac.cr/guiahorarios/estudiante.aspx","CAMPUS TECNOLOGICO CENTRAL CARTAGO","CS4402","MAR[13:00-15:50]","2","2"
"1789514539-105","https://tec-appsext.itcr.ac.cr/guiahorarios/estudiante.aspx","CAMPUS TECNOLOGICO CENTRAL CARTAGO","CS4402","MIE[09:30-12:20]","10","2"
"1789514539-106","https://tec-appsext.itcr.ac.cr/guiahorarios/estudiante.aspx","CAMPUS TECNOLOGICO LOCAL SAN CARLOS","CS4402","MAR[17:05-19:45]","51","2"
"1789514539-107","https://tec-appsext.itcr.ac.cr/guiahorarios/estudiante.aspx","CAMPUS TECNOLOGICO CENTRAL CARTAGO","CS4402","MAR[15:00-17:50]","1","2"
"1789514539-108","https://tec-appsext.itcr.ac.cr/guiahorarios/estudiante.aspx","CAMPUS TECNOLOGICO CENTRAL CARTAGO","CS4402","VIE[13:00-15:50]","17","2"
"1789514539-109","https://tec-appsext.itcr.ac.cr/guiahorarios/estudiante.aspx","CAMPUS TECNOLOGICO CENTRAL CARTAGO","CS4402","MIE[15:00-17:50]","20","2"
"1789514539-110","https://tec-appsext.itcr.ac.cr/guiahorarios/estudiante.aspx","CENTRO ACADEMICO DE ALAJUELA","CS4402","LUN[07:00-09:50]","90","2"
"1789514539-111","https://tec-appsext.itcr.ac.cr/guiahorarios/estudiante.aspx","CENTRO ACADEMICO DE LIMON","CS4402","JUE[18:00-20:50]","60","2"
"1789514539-112","https://tec-appsext.itcr.ac.cr/guiahorarios/estudiante.aspx","CAMPUS TECNOLOGICO CENTRAL CARTAGO","CS4402","MAR[09:30-12:20]","5","2"
"1789514539-113","https://tec-appsext.itcr.ac.cr/guiahorarios/estudiante.aspx","CAMPUS TECNOLOGICO CENTRAL CARTAGO","CS4402","MIE[09:30-12:20]","18","2"
"1789514539-114","https://tec-appsext.itcr.ac.cr/guiahorarios/estudiante.aspx","CAMPUS TECNOLOGICO CENTRAL CARTAGO","EL2113","LUN[07:30-09:20] MIE[07:30-09:20]","4","4"
"1789514539-115","https://tec-appsext.itcr.ac.cr/guiahorarios/estudiante.aspx","CENTRO ACADEMICO DE ALAJUELA","EL2113","VIE[13:00-16:50]","20","4"
"1789514539-116","https://tec-appsext.itcr.ac.cr/guiahorarios/estudiante.aspx","CAMPUS TECNOLOGICO CENTRAL CARTAGO","EL2113","JUE[09:30-11:20] MAR[09:30-11:20]","2","4"
"1789514539-117","https://tec-appsext.itcr.ac.cr/guiahorarios/estudiante.aspx","CAMPUS TECNOLOGICO CENTRAL CARTAGO","EL2113","LUN[07:30-11:20]","3","4"
"1789514539-118","https://tec-appsext.itcr.ac.cr/guiahorarios/estudiante.aspx","CAMPUS TECNOLOGICO LOCAL SAN CARLOS","EL2113","MIE[16:10-17:55] VIE[07:55-09:40]","50","4"
"1789514539-119","https://tec-appsext.itcr.ac.cr/guiahorarios/estudiante.aspx","CAMPUS TECNOLOGICO CENTRAL CARTAGO","EL2113","MIE[09:30-11:20] VIE[09:30-11:20]","1","4"
"1789514539-120","https://tec-appsext.itcr.ac.cr/guiahorarios/estudiante.aspx","CENTRO ACADEMICO DE ALAJUELA","EL2114","VIE[08:00-11:50]","20","4"
"1789514539-121","https://tec-appsext.itcr.ac.cr/guiahorarios/estudiante.aspx","CAMPUS TECNOLOGICO CENTRAL CARTAGO","EL2114","MIE[17:00-18:50] VIE[17:00-18:50]","1","4"
"1789514539-122","https://tec-appsext.itcr.ac.cr/guiahorarios/estudiante.aspx","CAMPUS TECNOLOGICO LOCAL SAN CARLOS","EL2114","LUN[16:10-17:55] MAR[13:25-15:10]","50","4"
"1789514539-123","https://tec-appsext.itcr.ac.cr/guiahorarios/estudiante.aspx","CAMPUS TECNOLOGICO CENTRAL CARTAGO","EL2114","JUE[17:00-18:50] MAR[17:00-18:50]","4","4"
"1789514539-124","https://tec-appsext.itcr.ac.cr/guiahorarios/estudiante.aspx","CAMPUS TECNOLOGICO CENTRAL CARTAGO","EL2114","JUE[09:30-11:20] MAR[09:30-11:20]","2","4"
"1789514539-125","https://tec-appsext.itcr.ac.cr/guiahorarios/estudiante.aspx","CAMPUS TECNOLOGICO CENTRAL CARTAGO","EL2114","MIE[07:30-09:20] VIE[07:30-09:20]","3","4"
"1789514539-126","https://tec-appsext.itcr.ac.cr/guiahorarios/estudiante.aspx","CAMPUS TECNOLOGICO LOCAL SAN CARLOS","EL2207","MIE[12:30-16:05]","50","4"
"1789514539-127","https://tec-appsext.itcr.ac.cr/guiahorarios/estudiante.aspx","CAMPUS TECNOLOGICO CENTRAL CARTAGO","EL2207","JUE[07:30-09:20] MAR[07:30-09:20]","2","4"
"1789514539-128","https://tec-appsext.itcr.ac.cr/guiahorarios/estudiante.aspx","CENTRO ACADEMICO DE ALAJUELA","EL2207","JUE[13:00-14:50] MAR[13:00-14:50]","20","4"
"1789514539-129","https://tec-appsext.itcr.ac.cr/guiahorarios/estudiante.aspx","CAMPUS TECNOLOGICO CENTRAL CARTAGO","EL2207","MIE[17:00-18:50] VIE[09:30-11:20]","4","4"
"1789514539-130","https://tec-appsext.itcr.ac.cr/guiahorarios/estudiante.aspx","CAMPUS TECNOLOGICO CENTRAL CARTAGO","EL2207","JUE[15:00-16:50] MAR[15:00-16:50]","1","4"
"1789514539-131","https://tec-appsext.itcr.ac.cr/guiahorarios/estudiante.aspx","CAMPUS TECNOLOGICO CENTRAL CARTAGO","EL2207","MIE[15:00-16:50] VIE[15:00-16:50]","3","4"
"1789514539-132","https://tec-appsext.itcr.ac.cr/guiahorarios/estudiante.aspx","CAMPUS TECNOLOGICO LOCAL SAN CARLOS","FI1101","MAR[07:00-08:45] VIE[07:00-08:45]","50","3"
"1789514539-133","https://tec-appsext.itcr.ac.cr/guiahorarios/estudiante.aspx","CAMPUS TECNOLOGICO CENTRAL CARTAGO","FI1101","MIE[09:30-11:20] VIE[09:30-11:20]","13","3"
"1789514539-134","https://tec-appsext.itcr.ac.cr/guiahorarios/estudiante.aspx","CENTRO ACADEMICO DE LIMON","FI1101","MIE[07:30-09:20] VIE[07:30-09:20]","60","3"
"1789514539-135","https://tec-appsext.itcr.ac.cr/guiahorarios/estudiante.aspx","CENTRO ACADEMICO DE ALAJUELA","FI1101","MIE[10:00-11:50] VIE[10:00-11:50]","35","3"
"1789514539-136","https://tec-appsext.itcr.ac.cr/guiahorarios/estudiante.aspx","CAMPUS TECNOLOGICO CENTRAL CARTAGO","FI1101","JUE[15:00-16:50] MAR[15:00-16:50]","8","3"
"1789514539-137","https://tec-appsext.itcr.ac.cr/guiahorarios/estudiante.aspx","CAMPUS TECNOLOGICO CENTRAL CARTAGO","FI1101","JUE[17:00-18:50] MAR[17:00-18:50]","9","3"
"1789514539-138","https://tec-appsext.itcr.ac.cr/guiahorarios/estudiante.aspx","CAMPUS TECNOLOGICO CENTRAL CARTAGO","FI1101","JUE[09:30-11:20] MAR[09:30-11:20]","4","3"
"1789514539-139","https://tec-appsext.itcr.ac.cr/guiahorarios/estudiante.aspx","CAMPUS TECNOLOGICO CENTRAL CARTAGO","FI1101","JUE[13:00-14:50] MAR[13:00-14:50]","5","3"
"1789514539-140","https://tec-appsext.itcr.ac.cr/guiahorarios/estudiante.aspx","CENTRO ACADEMICO DE ALAJUELA","FI1101","MIE[08:00-09:50] VIE[08:00-09:50]","36","3"
"1789514539-141","https://tec-appsext.itcr.ac.cr/guiahorarios/estudiante.aspx","CAMPUS TECNOLOGICO CENTRAL CARTAGO","FI1101","MIE[09:30-11:20] VIE[09:30-11:20]","14","3"
"1789514539-142","https://tec-appsext.itcr.ac.cr/guiahorarios/estudiante.aspx","CAMPUS TECNOLOGICO CENTRAL CARTAGO","FI1101","MIE[07:30-09:20] VIE[07:30-09:20]","11","3"
"1789514539-143","https://tec-appsext.itcr.ac.cr/guiahorarios/estudiante.aspx","CAMPUS TECNOLOGICO CENTRAL CARTAGO","FI1101","JUE[07:30-09:20] MAR[07:30-09:20]","1","3"
"1789514539-144","https://tec-appsext.itcr.ac.cr/guiahorarios/estudiante.aspx","CAMPUS TECNOLOGICO CENTRAL CARTAGO","FI1101","JUE[07:30-09:20] MAR[07:30-09:20]","2","3"
"1789514539-145","https://tec-appsext.itcr.ac.cr/guiahorarios/estudiante.aspx","CAMPUS TECNOLOGICO CENTRAL CARTAGO","FI1101","JUE[09:30-11:20] MAR[09:30-11:20]","3","3"
"1789514539-146","https://tec-appsext.itcr.ac.cr/guiahorarios/estudiante.aspx","CAMPUS TECNOLOGICO CENTRAL CARTAGO","FI1101","JUE[15:00-16:50] MAR[15:00-16:50]","7","3"
"1789514539-147","https://tec-appsext.itcr.ac.cr/guiahorarios/estudiante.aspx","CAMPUS TECNOLOGICO CENTRAL CARTAGO","FI1101","MIE[15:00-16:50] VIE[15:00-16:50]","17","3"
"1789514539-148","https://tec-appsext.itcr.ac.cr/guiahorarios/estudiante.aspx","CAMPUS TECNOLOGICO CENTRAL CARTAGO","FI1101","JUE[09:30-11:20] MAR[09:30-11:20]","19","3"
"1789514539-149","https://tec-appsext.itcr.ac.cr/guiahorarios/estudiante.aspx","CAMPUS TECNOLOGICO CENTRAL CARTAGO","FI1101","MIE[13:00-14:50] VIE[13:00-14:50]","15","3"
"1789514539-150","https://tec-appsext.itcr.ac.cr/guiahorarios/estudiante.aspx","CAMPUS TECNOLOGICO CENTRAL CARTAGO","FI1101","MIE[17:00-18:50] VIE[17:00-18:50]","18","3"
"1789514539-151","https://tec-appsext.itcr.ac.cr/guiahorarios/estudiante.aspx","CAMPUS TECNOLOGICO CENTRAL CARTAGO","FI1101","MIE[09:30-11:20] VIE[09:30-11:20]","20","3"
"1789514539-152","https://tec-appsext.itcr.ac.cr/guiahorarios/estudiante.aspx","CAMPUS TECNOLOGICO LOCAL SAN CARLOS","FI1101","MIE[12:30-14:15] VIE[12:30-14:15]","51","3"
"1789514539-153","https://tec-appsext.itcr.ac.cr/guiahorarios/estudiante.aspx","CAMPUS TECNOLOGICO CENTRAL CARTAGO","FI1101","JUE[13:00-14:50] MAR[13:00-14:50]","6","3"
"1789514539-154","https://tec-appsext.itcr.ac.cr/guiahorarios/estudiante.aspx","CAMPUS TECNOLOGICO LOCAL SAN CARLOS","FI1102","MAR[09:45-11:30] VIE[09:45-11:30]","50","3"
"1789514539-155","https://tec-appsext.itcr.ac.cr/guiahorarios/estudiante.aspx","CAMPUS TECNOLOGICO CENTRAL CARTAGO","FI1102","JUE[09:30-11:20] MAR[09:30-11:20]","3","3"
"1789514539-156","https://tec-appsext.itcr.ac.cr/guiahorarios/estudiante.aspx","CAMPUS TECNOLOGICO CENTRAL CARTAGO","FI1102","MIE[15:00-16:50] VIE[15:00-16:50]","9","3"
"1789514539-157","https://tec-appsext.itcr.ac.cr/guiahorarios/estudiante.aspx","CAMPUS TECNOLOGICO LOCAL SAN CARLOS","FI1102","JUE[18:00-19:45] MAR[18:00-19:45]","51","3"
"1789514539-158","https://tec-appsext.itcr.ac.cr/guiahorarios/estudiante.aspx","CAMPUS TECNOLOGICO CENTRAL CARTAGO","FI1102","JUE[07:30-09:20] MAR[07:30-09:20]","1","3"
"1789514539-159","https://tec-appsext.itcr.ac.cr/guiahorarios/estudiante.aspx","CAMPUS TECNOLOGICO CENTRAL CARTAGO","FI1102","MIE[07:30-09:20] VIE[07:30-09:20]","6","3"
"1789514539-160","https://tec-appsext.itcr.ac.cr/guiahorarios/estudiante.aspx","CAMPUS TECNOLOGICO CENTRAL CARTAGO","FI1102","JUE[09:30-11:20] MAR[09:30-11:20]","11","3"
"1789514539-161","https://tec-appsext.itcr.ac.cr/guiahorarios/estudiante.aspx","CAMPUS TECNOLOGICO CENTRAL CARTAGO","FI1102","MIE[13:00-14:50] VIE[13:00-14:50]","8","3"
"1789514539-162","https://tec-appsext.itcr.ac.cr/guiahorarios/estudiante.aspx","CAMPUS TECNOLOGICO CENTRAL CARTAGO","FI1102","MIE[09:30-11:20] VIE[09:30-11:20]","7","3"
"1789514539-163","https://tec-appsext.itcr.ac.cr/guiahorarios/estudiante.aspx","CAMPUS TECNOLOGICO CENTRAL CARTAGO","FI1102","JUE[13:00-14:50] MAR[13:00-14:50]","4","3"
"1789514539-164","https://tec-appsext.itcr.ac.cr/guiahorarios/estudiante.aspx","CAMPUS TECNOLOGICO CENTRAL CARTAGO","FI1102","JUE[17:00-18:50] MAR[17:00-18:50]","5","3"
"1789514539-165","https://tec-appsext.itcr.ac.cr/guiahorarios/estudiante.aspx","CAMPUS TECNOLOGICO CENTRAL CARTAGO","FI1102","JUE[07:30-09:20] MAR[07:30-09:20]","10","3"
"1789514539-166","https://tec-appsext.itcr.ac.cr/guiahorarios/estudiante.aspx","CAMPUS TECNOLOGICO CENTRAL CARTAGO","FI1102","JUE[09:30-11:20] MAR[09:30-11:20]","2","3"
"1789514539-167","https://tec-appsext.itcr.ac.cr/guiahorarios/estudiante.aspx","CAMPUS TECNOLOGICO CENTRAL CARTAGO","FI1201","JUE[07:30-09:20]","11","1"
"1789514539-168","https://tec-appsext.itcr.ac.cr/guiahorarios/estudiante.aspx","CAMPUS TECNOLOGICO CENTRAL CARTAGO","FI1201","JUE[17:00-18:50]","27","1"
"1789514539-169","https://tec-appsext.itcr.ac.cr/guiahorarios/estudiante.aspx","CAMPUS TECNOLOGICO LOCAL SAN CARLOS","FI1201","MIE[18:00-19:45]","50","1"
"1789514539-170","https://tec-appsext.itcr.ac.cr/guiahorarios/estudiante.aspx","CAMPUS TECNOLOGICO LOCAL SAN CARLOS","FI1201","MAR[14:20-16:05]","52","1"
"1789514539-171","https://tec-appsext.itcr.ac.cr/guiahorarios/estudiante.aspx","CAMPUS TECNOLOGICO CENTRAL CARTAGO","FI1201","MIE[15:00-16:50]","23","1"
"1789514539-172","https://tec-appsext.itcr.ac.cr/guiahorarios/estudiante.aspx","CAMPUS TECNOLOGICO CENTRAL CARTAGO","FI1201","MIE[17:00-18:50]","24","1"
"1789514539-173","https://tec-appsext.itcr.ac.cr/guiahorarios/estudiante.aspx","CAMPUS TECNOLOGICO CENTRAL CARTAGO","FI1201","MAR[13:00-14:50]","3","1"
"1789514539-174","https://tec-appsext.itcr.ac.cr/guiahorarios/estudiante.aspx","CAMPUS TECNOLOGICO CENTRAL CARTAGO","FI1201","MAR[15:00-16:50]","4","1"
"1789514539-175","https://tec-appsext.itcr.ac.cr/guiahorarios/estudiante.aspx","CENTRO ACADEMICO DE LIMON","FI1201","MIE[13:00-14:50]","60","1"
"1789514539-176","https://tec-appsext.itcr.ac.cr/guiahorarios/estudiante.aspx","CENTRO ACADEMICO DE ALAJUELA","FI1201","MIE[13:00-14:50]","35","1"
"1789514539-177","https://tec-appsext.itcr.ac.cr/guiahorarios/estudiante.aspx","CAMPUS TECNOLOGICO CENTRAL CARTAGO","FI1201","MIE[17:00-18:50]","10","1"
"1789514539-178","https://tec-appsext.itcr.ac.cr/guiahorarios/estudiante.aspx","CAMPUS TECNOLOGICO CENTRAL CARTAGO","FI1201","VIE[13:00-14:50]","18","1"
"1789514539-179","https://tec-appsext.itcr.ac.cr/guiahorarios/estudiante.aspx","CAMPUS TECNOLOGICO CENTRAL CARTAGO","FI1201","MIE[09:30-11:20]","22","1"
"1789514539-180","https://tec-appsext.itcr.ac.cr/guiahorarios/estudiante.aspx","CAMPUS TECNOLOGICO LOCAL SAN CARLOS","FI1201","MAR[12:30-14:15]","51","1"
"1789514539-181","https://tec-appsext.itcr.ac.cr/guiahorarios/estudiante.aspx","CAMPUS TECNOLOGICO CENTRAL CARTAGO","FI1201","MAR[09:30-11:20]","2","1"
"1789514539-182","https://tec-appsext.itcr.ac.cr/guiahorarios/estudiante.aspx","CAMPUS TECNOLOGICO CENTRAL CARTAGO","FI1201","MIE[09:30-11:20]","7","1"
"1789514539-183","https://tec-appsext.itcr.ac.cr/guiahorarios/estudiante.aspx","CAMPUS TECNOLOGICO CENTRAL CARTAGO","FI1201","MIE[13:00-14:50]","8","1"
"1789514539-184","https://tec-appsext.itcr.ac.cr/guiahorarios/estudiante.aspx","CAMPUS TECNOLOGICO CENTRAL CARTAGO","FI1201","JUE[09:30-11:20]","12","1"
"1789514539-185","https://tec-appsext.itcr.ac.cr/guiahorarios/estudiante.aspx","CAMPUS TECNOLOGICO CENTRAL CARTAGO","FI1201","JUE[15:00-16:50]","14","1"
"1789514539-186","https://tec-appsext.itcr.ac.cr/guiahorarios/estudiante.aspx","CAMPUS TECNOLOGICO CENTRAL CARTAGO","FI1201","VIE[07:30-09:20]","16","1"
"1789514539-187","https://tec-appsext.itcr.ac.cr/guiahorarios/estudiante.aspx","CAMPUS TECNOLOGICO CENTRAL CARTAGO","FI1201","VIE[09:30-11:20]","17","1"
"1789514539-188","https://tec-appsext.itcr.ac.cr/guiahorarios/estudiante.aspx","CAMPUS TECNOLOGICO CENTRAL CARTAGO","FI1201","JUE[13:00-14:50]","26","1"
"1789514539-189","https://tec-appsext.itcr.ac.cr/guiahorarios/estudiante.aspx","CAMPUS TECNOLOGICO CENTRAL CARTAGO","FI1201","MAR[13:00-14:50]","29","1"
"1789514539-190","https://tec-appsext.itcr.ac.cr/guiahorarios/estudiante.aspx","CAMPUS TECNOLOGICO CENTRAL CARTAGO","FI1201","MIE[07:30-09:20]","6","1"
"1789514539-191","https://tec-appsext.itcr.ac.cr/guiahorarios/estudiante.aspx","CAMPUS TECNOLOGICO CENTRAL CARTAGO","FI1201","MAR[17:00-18:50]","5","1"
"1789514539-192","https://tec-appsext.itcr.ac.cr/guiahorarios/estudiante.aspx","CAMPUS TECNOLOGICO CENTRAL CARTAGO","FI1201","MIE[15:00-16:50]","9","1"
"1789514539-193","https://tec-appsext.itcr.ac.cr/guiahorarios/estudiante.aspx","CAMPUS TECNOLOGICO CENTRAL CARTAGO","FI1201","JUE[17:00-18:50]","15","1"
"1789514539-194","https://tec-appsext.itcr.ac.cr/guiahorarios/estudiante.aspx","CAMPUS TECNOLOGICO LOCAL SAN CARLOS","FI1201","MAR[12:30-14:15]","51","1"
"1789514539-195","https://tec-appsext.itcr.ac.cr/guiahorarios/estudiante.aspx","CAMPUS TECNOLOGICO LOCAL SAN CARLOS","FI1201","MAR[14:20-16:05]","52","1"
"1789514539-196","https://tec-appsext.itcr.ac.cr/guiahorarios/estudiante.aspx","CAMPUS TECNOLOGICO CENTRAL CARTAGO","FI1201","MAR[07:30-09:20]","1","1"
"1789514539-197","https://tec-appsext.itcr.ac.cr/guiahorarios/estudiante.aspx","CENTRO ACADEMICO DE ALAJUELA","FI1201","JUE[10:00-11:50]","36","1"
"1789514539-198","https://tec-appsext.itcr.ac.cr/guiahorarios/estudiante.aspx","CAMPUS TECNOLOGICO CENTRAL CARTAGO","FI1201","MAR[09:30-11:20]","19","1"
"1789514539-199","https://tec-appsext.itcr.ac.cr/guiahorarios/estudiante.aspx","CAMPUS TECNOLOGICO CENTRAL CARTAGO","FI1201","JUE[09:30-11:20]","25","1"
"1789514539-200","https://tec-appsext.itcr.ac.cr/guiahorarios/estudiante.aspx","CAMPUS TECNOLOGICO CENTRAL CARTAGO","FI1202","MAR[09:30-11:20]","1","1"
"1789514539-201","https://tec-appsext.itcr.ac.cr/guiahorarios/estudiante.aspx","CAMPUS TECNOLOGICO CENTRAL CARTAGO","FI1202","MAR[13:00-14:50]","2","1"
"1789514539-202","https://tec-appsext.itcr.ac.cr/guiahorarios/estudiante.aspx","CAMPUS TECNOLOGICO LOCAL SAN CARLOS","FI1202","MIE[09:45-11:30]","50","1"
"1789514539-203","https://tec-appsext.itcr.ac.cr/guiahorarios/estudiante.aspx","CAMPUS TECNOLOGICO CENTRAL CARTAGO","FI1202","MIE[07:30-09:20]","4","1"
"1789514539-204","https://tec-appsext.itcr.ac.cr/guiahorarios/estudiante.aspx","CAMPUS TECNOLOGICO CENTRAL CARTAGO","FI1202","JUE[09:30-11:20]","7","1"
"1789514539-205","https://tec-appsext.itcr.ac.cr/guiahorarios/estudiante.aspx","CAMPUS TECNOLOGICO CENTRAL CARTAGO","FI1202","VIE[13:00-14:50]","8","1"
"1789514539-206","https://tec-appsext.itcr.ac.cr/guiahorarios/estudiante.aspx","CAMPUS TECNOLOGICO CENTRAL CARTAGO","FI1202","MIE[09:30-11:20]","5","1"
"1789514539-207","https://tec-appsext.itcr.ac.cr/guiahorarios/estudiante.aspx","CAMPUS TECNOLOGICO CENTRAL CARTAGO","FI1202","MIE[15:00-16:50]","6","1"
"1789514539-208","https://tec-appsext.itcr.ac.cr/guiahorarios/estudiante.aspx","CAMPUS TECNOLOGICO CENTRAL CARTAGO","FI1202","MIE[13:00-14:50]","9","1"
"1789514539-209","https://tec-appsext.itcr.ac.cr/guiahorarios/estudiante.aspx","CAMPUS TECNOLOGICO CENTRAL CARTAGO","FI1202","MAR[17:00-18:50]","3","1"
"1789514539-210","https://tec-appsext.itcr.ac.cr/guiahorarios/estudiante.aspx","CAMPUS TECNOLOGICO CENTRAL CARTAGO","MA0101","MIE[15:00-17:50] VIE[15:00-16:50]","10","2"
"1789514539-211","https://tec-appsext.itcr.ac.cr/guiahorarios/estudiante.aspx","CAMPUS TECNOLOGICO LOCAL SAN CARLOS","MA0101","JUE[16:10-17:55] MAR[16:10-18:50]","54","2"
"1789514539-212","https://tec-appsext.itcr.ac.cr/guiahorarios/estudiante.aspx","CAMPUS TECNOLOGICO CENTRAL CARTAGO","MA0101","JUE[13:00-14:50] MAR[13:00-15:50]","3","2"
"1789514539-213","https://tec-appsext.itcr.ac.cr/guiahorarios/estudiante.aspx","CAMPUS TECNOLOGICO CENTRAL CARTAGO","MA0101","JUE[18:00-19:50] MAR[18:00-20:50]","6","2"
"1789514539-214","https://tec-appsext.itcr.ac.cr/guiahorarios/estudiante.aspx","CAMPUS TECNOLOGICO LOCAL SAN JOSE","MA0101","MIE[09:30-12:20] VIE[09:30-11:20]","40","2"
"1789514539-215","https://tec-appsext.itcr.ac.cr/guiahorarios/estudiante.aspx","CENTRO ACADEMICO DE ALAJUELA","MA0101","JUE[07:00-08:50] MAR[07:00-09:50]","90","2"
"1789514539-216","https://tec-appsext.itcr.ac.cr/guiahorarios/estudiante.aspx","CAMPUS TECNOLOGICO LOCAL SAN CARLOS","MA0101","JUE[07:00-09:40] MIE[07:00-08:45]","51","2"
"1789514539-217","https://tec-appsext.itcr.ac.cr/guiahorarios/estudiante.aspx","CAMPUS TECNOLOGICO LOCAL SAN CARLOS","MA0101","JUE[09:45-11:30] MIE[08:50-11:30]","52","2"
"1789514539-218","https://tec-appsext.itcr.ac.cr/guiahorarios/estudiante.aspx","CAMPUS TECNOLOGICO LOCAL SAN CARLOS","MA0101","MAR[12:30-14:15] MIE[12:30-15:10]","50","2"
"1789514539-219","https://tec-appsext.itcr.ac.cr/guiahorarios/estudiante.aspx","CAMPUS TECNOLOGICO CENTRAL CARTAGO","MA0101","JUE[15:00-17:50] MAR[15:00-16:50]","4","2"
"1789514539-220","https://tec-appsext.itcr.ac.cr/guiahorarios/estudiante.aspx","CENTRO ACADEMICO DE LIMON","MA0101","JUE[10:30-12:20] MAR[09:30-12:20]","60","2"
"1789514539-221","https://tec-appsext.itcr.ac.cr/guiahorarios/estudiante.aspx","CAMPUS TECNOLOGICO CENTRAL CARTAGO","MA0101","MIE[09:30-12:20] VIE[09:30-11:20]","8","2"
"1789514539-222","https://tec-appsext.itcr.ac.cr/guiahorarios/estudiante.aspx","CAMPUS TECNOLOGICO LOCAL SAN CARLOS","MA0101","MIE[08:50-11:30] VIE[09:45-11:30]","53","2"
"1789514539-223","https://tec-appsext.itcr.ac.cr/guiahorarios/estudiante.aspx","CAMPUS TECNOLOGICO CENTRAL CARTAGO","MA0101","MIE[16:00-18:50] VIE[17:00-18:50]","11","2"
"1789514539-224","https://tec-appsext.itcr.ac.cr/guiahorarios/estudiante.aspx","CAMPUS TECNOLOGICO CENTRAL CARTAGO","MA0101","MIE[13:00-15:50] VIE[13:00-14:50]","9","2"
"1789514539-225","https://tec-appsext.itcr.ac.cr/guiahorarios/estudiante.aspx","CENTRO ACADEMICO DE ALAJUELA","MA0101","JUE[07:00-08:50] MAR[07:00-09:50]","91","2"
"1789514539-226","https://tec-appsext.itcr.ac.cr/guiahorarios/estudiante.aspx","CAMPUS TECNOLOGICO CENTRAL CARTAGO","MA0101","JUE[16:00-17:50] MAR[16:00-18:50]","5","2"
"1789514539-227","https://tec-appsext.itcr.ac.cr/guiahorarios/estudiante.aspx","CAMPUS TECNOLOGICO LOCAL SAN CARLOS","MA0101","MIE[16:10-18:50] VIE[07:00-08:45]","55","2"
"1789514539-228","https://tec-appsext.itcr.ac.cr/guiahorarios/estudiante.aspx","CAMPUS TECNOLOGICO CENTRAL CARTAGO","MA0101","MIE[07:30-09:20] VIE[07:30-10:20]","7","2"
"1789514539-229","https://tec-appsext.itcr.ac.cr/guiahorarios/estudiante.aspx","CAMPUS TECNOLOGICO CENTRAL CARTAGO","MA0101","SAB[07:30-12:20]","12","2"
"1789514539-230","https://tec-appsext.itcr.ac.cr/guiahorarios/estudiante.aspx","CAMPUS TECNOLOGICO CENTRAL CARTAGO","MA0101","JUE[07:30-09:20] MAR[07:30-10:20]","1","2"
"1789514539-231","https://tec-appsext.itcr.ac.cr/guiahorarios/estudiante.aspx","CAMPUS TECNOLOGICO CENTRAL CARTAGO","MA0101","JUE[09:30-11:20] MAR[09:30-12:20]","2","2"
"1789514539-232","https://tec-appsext.itcr.ac.cr/guiahorarios/estudiante.aspx","CENTRO ACADEMICO DE LIMON","MA0101","JUE[10:30-12:20] MAR[09:30-12:20]","61","2"
"1789514539-233","https://tec-appsext.itcr.ac.cr/guiahorarios/estudiante.aspx","CAMPUS TECNOLOGICO CENTRAL CARTAGO","MA1102","JUE[07:30-10:20] MAR[07:30-09:20]","2","4"
"1789514539-234","https://tec-appsext.itcr.ac.cr/guiahorarios/estudiante.aspx","CAMPUS TECNOLOGICO CENTRAL CARTAGO","MA1102","JUE[17:00-18:50] MAR[17:00-19:50]","9","4"
"1789514539-235","https://tec-appsext.itcr.ac.cr/guiahorarios/estudiante.aspx","CAMPUS TECNOLOGICO CENTRAL CARTAGO","MA1102","JUE[18:00-19:50] MAR[18:00-20:50]","10","4"
"1789514539-236","https://tec-appsext.itcr.ac.cr/guiahorarios/estudiante.aspx","CAMPUS TECNOLOGICO LOCAL SAN CARLOS","MA1102","JUE[08:50-11:30] MIE[09:45-11:30]","53","4"
"1789514539-237","https://tec-appsext.itcr.ac.cr/guiahorarios/estudiante.aspx","CAMPUS TECNOLOGICO LOCAL SAN CARLOS","MA1102","MIE[07:00-09:40] VIE[07:00-08:45]","51","4"
"1789514539-238","https://tec-appsext.itcr.ac.cr/guiahorarios/estudiante.aspx","CAMPUS TECNOLOGICO LOCAL SAN CARLOS","MA1102","MIE[12:30-15:10] VIE[12:30-14:15]","52","4"
"1789514539-239","https://tec-appsext.itcr.ac.cr/guiahorarios/estudiante.aspx","CAMPUS TECNOLOGICO CENTRAL CARTAGO","MA1102","MIE[16:00-18:50] VIE[16:00-17:50]","17","4"
"1789514539-240","https://tec-appsext.itcr.ac.cr/guiahorarios/estudiante.aspx","CAMPUS TECNOLOGICO CENTRAL CARTAGO","MA1102","MIE[07:30-10:20] VIE[07:30-09:20]","12","4"
"1789514539-241","https://tec-appsext.itcr.ac.cr/guiahorarios/estudiante.aspx","CAMPUS TECNOLOGICO CENTRAL CARTAGO","MA1102","SAB[07:30-12:20]","21","4"
"1789514539-242","https://tec-appsext.itcr.ac.cr/guiahorarios/estudiante.aspx","CAMPUS TECNOLOGICO CENTRAL CARTAGO","MA1102","MIE[18:00-20:50] VIE[18:00-19:50]","20","4"
"1789514539-243","https://tec-appsext.itcr.ac.cr/guiahorarios/estudiante.aspx","CAMPUS TECNOLOGICO CENTRAL CARTAGO","MA1102","JUE[09:30-12:20] MAR[09:30-11:20]","3","4"
"1789514539-244","https://tec-appsext.itcr.ac.cr/guiahorarios/estudiante.aspx","CAMPUS TECNOLOGICO CENTRAL CARTAGO","MA1102","JUE[16:00-17:50] MAR[16:00-18:50]","7","4"
"1789514539-245","https://tec-appsext.itcr.ac.cr/guiahorarios/estudiante.aspx","CAMPUS TECNOLOGICO LOCAL SAN CARLOS","MA1102","JUE[14:20-16:05] MIE[14:20-17:00]","50","4"
"1789514539-246","https://tec-appsext.itcr.ac.cr/guiahorarios/estudiante.aspx","CAMPUS TECNOLOGICO CENTRAL CARTAGO","MA1102","MIE[17:00-19:50] VIE[17:00-18:50]","19","4"
"1789514539-247","https://tec-appsext.itcr.ac.cr/guiahorarios/estudiante.aspx","CAMPUS TECNOLOGICO CENTRAL CARTAGO","MA1102","MIE[09:30-12:20] VIE[10:30-12:20]","14","4"
"1789514539-248","https://tec-appsext.itcr.ac.cr/guiahorarios/estudiante.aspx","CAMPUS TECNOLOGICO CENTRAL CARTAGO","MA1102","MIE[15:00-17:50] VIE[15:00-16:50]","16","4"
"1789514539-249","https://tec-appsext.itcr.ac.cr/guiahorarios/estudiante.aspx","CAMPUS TECNOLOGICO CENTRAL CARTAGO","MA1102","MIE[13:00-15:50] VIE[13:00-14:50]","15","4"
"1789514539-250","https://tec-appsext.itcr.ac.cr/guiahorarios/estudiante.aspx","CAMPUS TECNOLOGICO CENTRAL CARTAGO","MA1102","JUE[10:30-12:20] MAR[09:30-12:20]","4","4"
"1789514539-251","https://tec-appsext.itcr.ac.cr/guiahorarios/estudiante.aspx","CAMPUS TECNOLOGICO CENTRAL CARTAGO","MA1102","MIE[07:30-09:20] VIE[07:30-10:20]","11","4"
"1789514539-252","https://tec-appsext.itcr.ac.cr/guiahorarios/estudiante.aspx","CAMPUS TECNOLOGICO CENTRAL CARTAGO","MA1102","JUE[15:00-17:50] MAR[15:00-16:50]","6","4"
"1789514539-253","https://tec-appsext.itcr.ac.cr/guiahorarios/estudiante.aspx","CAMPUS TECNOLOGICO CENTRAL CARTAGO","MA1102","MIE[10:30-12:20] VIE[09:30-12:20]","13","4"
"1789514539-254","https://tec-appsext.itcr.ac.cr/guiahorarios/estudiante.aspx","CAMPUS TECNOLOGICO CENTRAL CARTAGO","MA1102","MIE[17:00-19:50] VIE[17:00-18:50]","18","4"
"1789514539-255","https://tec-appsext.itcr.ac.cr/guiahorarios/estudiante.aspx","CAMPUS TECNOLOGICO CENTRAL CARTAGO","MA1102","JUE[07:30-09:20] MAR[07:30-10:20]","1","4"
"1789514539-256","https://tec-appsext.itcr.ac.cr/guiahorarios/estudiante.aspx","CAMPUS TECNOLOGICO CENTRAL CARTAGO","MA1102","JUE[16:00-17:50] MAR[15:00-17:50]","8","4"
"1789514539-257","https://tec-appsext.itcr.ac.cr/guiahorarios/estudiante.aspx","CENTRO ACADEMICO DE ALAJUELA","MA1102","JUE[09:00-11:50] MAR[10:00-11:50]","90","4"
"1789514539-258","https://tec-appsext.itcr.ac.cr/guiahorarios/estudiante.aspx","CENTRO ACADEMICO DE ALAJUELA","MA1102","JUE[13:00-14:50] MAR[13:00-15:50]","91","4"
"1789514539-259","https://tec-appsext.itcr.ac.cr/guiahorarios/estudiante.aspx","CAMPUS TECNOLOGICO CENTRAL CARTAGO","MA1102","JUE[13:00-14:50] MAR[13:00-15:50]","5","4"
"1789514539-260","https://tec-appsext.itcr.ac.cr/guiahorarios/estudiante.aspx","CAMPUS TECNOLOGICO LOCAL SAN CARLOS","MA1102","JUE[16:10-18:50] VIE[14:20-16:05]","54","4"
"1789514539-261","https://tec-appsext.itcr.ac.cr/guiahorarios/estudiante.aspx","CAMPUS TECNOLOGICO CENTRAL CARTAGO","MA1102","MIE[16:00-18:50] VIE[16:00-17:50]","22","4"
"1789514539-262","https://tec-appsext.itcr.ac.cr/guiahorarios/estudiante.aspx","CENTRO ACADEMICO DE LIMON","MA1102","JUE[07:30-10:20] MAR[07:30-09:20]","61","4"
"1789514539-263","https://tec-appsext.itcr.ac.cr/guiahorarios/estudiante.aspx","CAMPUS TECNOLOGICO LOCAL SAN JOSE","MA1102","MIE[13:00-15:50] VIE[13:00-14:50]","40","4"
"1789514539-264","https://tec-appsext.itcr.ac.cr/guiahorarios/estudiante.aspx","CENTRO ACADEMICO DE LIMON","MA1102","MIE[09:30-12:20] VIE[09:30-11:20]","60","4"
"1789514539-265","https://tec-appsext.itcr.ac.cr/guiahorarios/estudiante.aspx","CAMPUS TECNOLOGICO CENTRAL CARTAGO","MA1103","MIE[07:30-09:20] VIE[07:30-09:20]","11","4"
"1789514539-266","https://tec-appsext.itcr.ac.cr/guiahorarios/estudiante.aspx","CAMPUS TECNOLOGICO CENTRAL CARTAGO","MA1103","JUE[18:00-19:50] MAR[18:00-19:50]","9","4"
"1789514539-267","https://tec-appsext.itcr.ac.cr/guiahorarios/estudiante.aspx","CAMPUS TECNOLOGICO CENTRAL CARTAGO","MA1103","JUE[16:00-17:50] MAR[16:00-17:50]","7","4"
"1789514539-268","https://tec-appsext.itcr.ac.cr/guiahorarios/estudiante.aspx","CAMPUS TECNOLOGICO CENTRAL CARTAGO","MA1103","SAB[07:30-11:20]","18","4"
"1789514539-269","https://tec-appsext.itcr.ac.cr/guiahorarios/estudiante.aspx","CAMPUS TECNOLOGICO CENTRAL CARTAGO","MA1103","MIE[15:00-16:50] VIE[15:00-16:50]","14","4"
"1789514539-270","https://tec-appsext.itcr.ac.cr/guiahorarios/estudiante.aspx","CAMPUS TECNOLOGICO CENTRAL CARTAGO","MA1103","MIE[17:00-18:50] VIE[17:00-18:50]","16","4"
"1789514539-271","https://tec-appsext.itcr.ac.cr/guiahorarios/estudiante.aspx","CAMPUS TECNOLOGICO LOCAL SAN JOSE","MA1103","JUE[13:00-14:50] MAR[13:00-14:50]","40","4"
"1789514539-272","https://tec-appsext.itcr.ac.cr/guiahorarios/estudiante.aspx","CAMPUS TECNOLOGICO LOCAL SAN CARLOS","MA1103","MIE[09:45-11:30] VIE[09:45-11:30]","52","4"
"1789514539-273","https://tec-appsext.itcr.ac.cr/guiahorarios/estudiante.aspx","CAMPUS TECNOLOGICO CENTRAL CARTAGO","MA1103","JUE[07:30-09:20] MAR[07:30-09:20]","1","4"
"1789514539-274","https://tec-appsext.itcr.ac.cr/guiahorarios/estudiante.aspx","CAMPUS TECNOLOGICO CENTRAL CARTAGO","MA1103","JUE[13:00-14:50] MAR[13:00-14:50]","4","4"
"1789514539-275","https://tec-appsext.itcr.ac.cr/guiahorarios/estudiante.aspx","CAMPUS TECNOLOGICO CENTRAL CARTAGO","MA1103","JUE[07:30-09:20] MAR[07:30-09:20]","2","4"
"1789514539-276","https://tec-appsext.itcr.ac.cr/guiahorarios/estudiante.aspx","CAMPUS TECNOLOGICO CENTRAL CARTAGO","MA1103","JUE[09:30-11:20] MAR[09:30-11:20]","3","4"
"1789514539-277","https://tec-appsext.itcr.ac.cr/guiahorarios/estudiante.aspx","CAMPUS TECNOLOGICO CENTRAL CARTAGO","MA1103","JUE[15:00-16:50] MAR[15:00-16:50]","6","4"
"1789514539-278","https://tec-appsext.itcr.ac.cr/guiahorarios/estudiante.aspx","CAMPUS TECNOLOGICO CENTRAL CARTAGO","MA1103","JUE[18:00-19:50] MAR[18:00-19:50]","10","4"
"1789514539-279","https://tec-appsext.itcr.ac.cr/guiahorarios/estudiante.aspx","CAMPUS TECNOLOGICO CENTRAL CARTAGO","MA1103","MIE[13:00-14:50] VIE[13:00-14:50]","13","4"
"1789514539-280","https://tec-appsext.itcr.ac.cr/guiahorarios/estudiante.aspx","CAMPUS TECNOLOGICO LOCAL SAN CARLOS","MA1103","JUE[14:20-16:05] MIE[07:55-09:40]","50","4"
"1789514539-281","https://tec-appsext.itcr.ac.cr/guiahorarios/estudiante.aspx","CAMPUS TECNOLOGICO CENTRAL CARTAGO","MA1103","JUE[17:00-18:50] MAR[17:00-18:50]","8","4"
"1789514539-282","https://tec-appsext.itcr.ac.cr/guiahorarios/estudiante.aspx","CAMPUS TECNOLOGICO CENTRAL CARTAGO","MA1103","MIE[09:30-11:20] VIE[09:30-11:20]","12","4"
"1789514539-283","https://tec-appsext.itcr.ac.cr/guiahorarios/estudiante.aspx","CAMPUS TECNOLOGICO CENTRAL CARTAGO","MA1103","JUE[07:30-11:20]","19","4"
"1789514539-284","https://tec-appsext.itcr.ac.cr/guiahorarios/estudiante.aspx","CAMPUS TECNOLOGICO CENTRAL CARTAGO","MA1103","JUE[13:00-14:50] MAR[13:00-14:50]","5","4"
"1789514539-285","https://tec-appsext.itcr.ac.cr/guiahorarios/estudiante.aspx","CENTRO ACADEMICO DE LIMON","MA1103","JUE[13:00-14:50] MAR[13:00-14:50]","60","4"
"1789514539-286","https://tec-appsext.itcr.ac.cr/guiahorarios/estudiante.aspx","CAMPUS TECNOLOGICO CENTRAL CARTAGO","MA1103","MIE[18:00-19:50] VIE[18:00-19:50]","17","4"
"1789514539-287","https://tec-appsext.itcr.ac.cr/guiahorarios/estudiante.aspx","CAMPUS TECNOLOGICO LOCAL SAN CARLOS","MA1103","JUE[09:45-11:30] MAR[09:45-11:30]","51","4"
"1789514539-288","https://tec-appsext.itcr.ac.cr/guiahorarios/estudiante.aspx","CENTRO ACADEMICO DE ALAJUELA","MA1103","JUE[15:00-16:50] MAR[15:00-16:50]","90","4"
"1789514539-289","https://tec-appsext.itcr.ac.cr/guiahorarios/estudiante.aspx","CAMPUS TECNOLOGICO CENTRAL CARTAGO","MA1103","MIE[16:00-17:50] VIE[16:00-17:50]","15","4"
"1789514539-290","https://tec-appsext.itcr.ac.cr/guiahorarios/estudiante.aspx","CAMPUS TECNOLOGICO CENTRAL CARTAGO","MA1403","MIE[07:30-09:20] VIE[07:30-09:20]","6","4"
"1789514539-291","https://tec-appsext.itcr.ac.cr/guiahorarios/estudiante.aspx","CAMPUS TECNOLOGICO CENTRAL CARTAGO","MA1403","MIE[09:30-11:20] VIE[09:30-11:20]","2","4"
"1789514539-292","https://tec-appsext.itcr.ac.cr/guiahorarios/estudiante.aspx","CAMPUS TECNOLOGICO CENTRAL CARTAGO","MA1403","JUE[15:00-16:50] MAR[15:00-16:50]","5","4"
"1789514539-293","https://tec-appsext.itcr.ac.cr/guiahorarios/estudiante.aspx","CAMPUS TECNOLOGICO LOCAL SAN CARLOS","MA1403","JUE[12:30-14:15] MIE[12:30-14:15]","50","4"
"1789514539-294","https://tec-appsext.itcr.ac.cr/guiahorarios/estudiante.aspx","CAMPUS TECNOLOGICO CENTRAL CARTAGO","MA1403","JUE[13:00-14:50] MAR[13:00-14:50]","4","4"
"1789514539-295","https://tec-appsext.itcr.ac.cr/guiahorarios/estudiante.aspx","CENTRO ACADEMICO DE ALAJUELA","MA1403","MIE[09:00-10:50] VIE[09:00-10:50]","90","4"
"1789514539-296","https://tec-appsext.itcr.ac.cr/guiahorarios/estudiante.aspx","CAMPUS TECNOLOGICO LOCAL SAN CARLOS","MA1403","MIE[09:45-11:30] VIE[09:45-11:30]","51","4"
"1789514539-297","https://tec-appsext.itcr.ac.cr/guiahorarios/estudiante.aspx","CAMPUS TECNOLOGICO LOCAL SAN JOSE","MA1403","MIE[15:00-16:50] VIE[15:00-16:50]","40","4"
"1789514539-298","https://tec-appsext.itcr.ac.cr/guiahorarios/estudiante.aspx","CAMPUS TECNOLOGICO CENTRAL CARTAGO","MA1403","MIE[07:30-09:20] VIE[07:30-09:20]","1","4"
"1789514539-299","https://tec-appsext.itcr.ac.cr/guiahorarios/estudiante.aspx","CAMPUS TECNOLOGICO CENTRAL CARTAGO","MA1403","JUE[18:00-19:50] MAR[18:00-19:50]","3","4"
"1789514539-300","https://tec-appsext.itcr.ac.cr/guiahorarios/estudiante.aspx","CAMPUS TECNOLOGICO CENTRAL CARTAGO","MA2104","JUE[18:00-19:50] MAR[18:00-19:50]","2","4"
"1789514539-301","https://tec-appsext.itcr.ac.cr/guiahorarios/estudiante.aspx","CAMPUS TECNOLOGICO LOCAL SAN CARLOS","MA2104","JUE[09:45-11:30] MAR[09:45-11:30]","50","4"
"1789514539-302","https://tec-appsext.itcr.ac.cr/guiahorarios/estudiante.aspx","CAMPUS TECNOLOGICO CENTRAL CARTAGO","MA2104","JUE[13:00-14:50] MAR[13:00-14:50]","7","4"
"1789514539-303","https://tec-appsext.itcr.ac.cr/guiahorarios/estudiante.aspx","CAMPUS TECNOLOGICO CENTRAL CARTAGO","MA2104","SAB[07:30-11:20]","6","4"
"1789514539-304","https://tec-appsext.itcr.ac.cr/guiahorarios/estudiante.aspx","CENTRO ACADEMICO DE ALAJUELA","MA2104","JUE[16:00-17:50] MAR[16:00-17:50]","90","4"
"1789514539-305","https://tec-appsext.itcr.ac.cr/guiahorarios/estudiante.aspx","CAMPUS TECNOLOGICO CENTRAL CARTAGO","MA2104","JUE[09:30-11:20] MAR[09:30-11:20]","4","4"
"1789514539-306","https://tec-appsext.itcr.ac.cr/guiahorarios/estudiante.aspx","CAMPUS TECNOLOGICO CENTRAL CARTAGO","MA2104","MIE[09:30-11:20] VIE[09:30-11:20]","1","4"
"1789514539-307","https://tec-appsext.itcr.ac.cr/guiahorarios/estudiante.aspx","CAMPUS TECNOLOGICO CENTRAL CARTAGO","MA2104","MIE[18:00-19:50] VIE[18:00-19:50]","5","4"
"1789514539-308","https://tec-appsext.itcr.ac.cr/guiahorarios/estudiante.aspx","CAMPUS TECNOLOGICO CENTRAL CARTAGO","MA2104","MIE[15:00-16:50] VIE[15:00-16:50]","3","4"
"1789514539-309","https://tec-appsext.itcr.ac.cr/guiahorarios/estudiante.aspx","CENTRO ACADEMICO DE LIMON","MA2104","JUE[07:30-09:20] MAR[07:30-09:20]","60","4"
"1789514539-310","https://tec-appsext.itcr.ac.cr/guiahorarios/estudiante.aspx","CAMPUS TECNOLOGICO CENTRAL CARTAGO","MA2105","SAB[07:30-11:20]","5","4"
"1789514539-311","https://tec-appsext.itcr.ac.cr/guiahorarios/estudiante.aspx","CAMPUS TECNOLOGICO CENTRAL CARTAGO","MA2105","JUE[07:30-09:20] MAR[07:30-09:20]","1","4"
"1789514539-312","https://tec-appsext.itcr.ac.cr/guiahorarios/estudiante.aspx","CAMPUS TECNOLOGICO CENTRAL CARTAGO","MA2105","JUE[09:30-11:20] MAR[09:30-11:20]","3","4"
"1789514539-313","https://tec-appsext.itcr.ac.cr/guiahorarios/estudiante.aspx","CAMPUS TECNOLOGICO LOCAL SAN CARLOS","MA2105","MIE[09:45-11:30] VIE[09:45-11:30]","50","4"
"1789514539-314","https://tec-appsext.itcr.ac.cr/guiahorarios/estudiante.aspx","CAMPUS TECNOLOGICO CENTRAL CARTAGO","MA2105","MIE[13:00-14:50] VIE[13:00-14:50]","2","4"
"1789514539-315","https://tec-appsext.itcr.ac.cr/guiahorarios/estudiante.aspx","CAMPUS TECNOLOGICO CENTRAL CARTAGO","MA2105","MIE[17:00-18:50] VIE[17:00-18:50]","4","4"
"1789514539-316","https://tec-appsext.itcr.ac.cr/guiahorarios/estudiante.aspx","CAMPUS TECNOLOGICO CENTRAL CARTAGO","MA2105","JUE[17:00-18:50] MAR[17:00-18:50]","8","4"
"1789514539-317","https://tec-appsext.itcr.ac.cr/guiahorarios/estudiante.aspx","CAMPUS TECNOLOGICO CENTRAL CARTAGO","MA2105","SAB[07:30-11:20]","9","4"
"1789514539-318","https://tec-appsext.itcr.ac.cr/guiahorarios/estudiante.aspx","CAMPUS TECNOLOGICO CENTRAL CARTAGO","MA2105","MIE[15:00-16:50] VIE[15:00-16:50]","6","4"
"1789514539-319","https://tec-appsext.itcr.ac.cr/guiahorarios/estudiante.aspx","CAMPUS TECNOLOGICO CENTRAL CARTAGO","MA2105","MIE[09:30-11:20] VIE[09:30-11:20]","10","4"
"1789514539-320","https://tec-appsext.itcr.ac.cr/guiahorarios/estudiante.aspx","CAMPUS TECNOLOGICO CENTRAL CARTAGO","MA2105","JUE[17:00-18:50] MAR[17:00-18:50]","7","4"
"1789514539-321","https://tec-appsext.itcr.ac.cr/guiahorarios/estudiante.aspx","CAMPUS TECNOLOGICO CENTRAL CARTAGO","PI2609","MIE[13:00-15:50]","2","2"
"1789514539-322","https://tec-appsext.itcr.ac.cr/guiahorarios/estudiante.aspx","CAMPUS TECNOLOGICO CENTRAL CARTAGO","PI2609","JUE[13:00-15:50]","3","2"
"1789514539-323","https://tec-appsext.itcr.ac.cr/guiahorarios/estudiante.aspx","CAMPUS TECNOLOGICO CENTRAL CARTAGO","PI2609","LUN[07:30-10:20]","1","2"
"1789514539-324","https://tec-appsext.itcr.ac.cr/guiahorarios/estudiante.aspx","CAMPUS TECNOLOGICO CENTRAL CARTAGO","PI5516","MAR[17:00-20:50]","1","3"
"1789514539-325","https://tec-appsext.itcr.ac.cr/guiahorarios/estudiante.aspx","CAMPUS TECNOLOGICO CENTRAL CARTAGO","PI5516","VIE[17:00-20:50]","2","3"
"1789514539-326","https://tec-appsext.itcr.ac.cr/guiahorarios/estudiante.aspx","CENTRO ACADEMICO DE ALAJUELA","PI5516","MIE[07:00-10:50]","90","3"
"1789514539-327","https://tec-appsext.itcr.ac.cr/guiahorarios/estudiante.aspx","CAMPUS TECNOLOGICO LOCAL SAN CARLOS","PI5516","LUN[16:10-19:45]","50","3"
"1789514539-328","https://tec-appsext.itcr.ac.cr/guiahorarios/estudiante.aspx","CAMPUS TECNOLOGICO CENTRAL CARTAGO","QU1102","MAR[09:30-11:20]","2","1"
"1789514539-329","https://tec-appsext.itcr.ac.cr/guiahorarios/estudiante.aspx","CAMPUS TECNOLOGICO CENTRAL CARTAGO","QU1102","MAR[13:00-14:50]","3","1"
"1789514539-330","https://tec-appsext.itcr.ac.cr/guiahorarios/estudiante.aspx","CAMPUS TECNOLOGICO CENTRAL CARTAGO","QU1102","JUE[13:00-14:50]","11","1"
"1789514539-331","https://tec-appsext.itcr.ac.cr/guiahorarios/estudiante.aspx","CAMPUS TECNOLOGICO LOCAL SAN CARLOS","QU1102","MAR[09:45-11:30]","51","1"
"1789514539-332","https://tec-appsext.itcr.ac.cr/guiahorarios/estudiante.aspx","CAMPUS TECNOLOGICO CENTRAL CARTAGO","QU1102","MIE[15:00-16:50]","8","1"
"1789514539-333","https://tec-appsext.itcr.ac.cr/guiahorarios/estudiante.aspx","CAMPUS TECNOLOGICO CENTRAL CARTAGO","QU1102","VIE[13:00-14:50]","15","1"
"1789514539-334","https://tec-appsext.itcr.ac.cr/guiahorarios/estudiante.aspx","CAMPUS TECNOLOGICO CENTRAL CARTAGO","QU1102","MAR[15:00-16:50]","4","1"
"1789514539-335","https://tec-appsext.itcr.ac.cr/guiahorarios/estudiante.aspx","CAMPUS TECNOLOGICO CENTRAL CARTAGO","QU1102","MIE[07:30-09:20]","5","1"
"1789514539-336","https://tec-appsext.itcr.ac.cr/guiahorarios/estudiante.aspx","CAMPUS TECNOLOGICO CENTRAL CARTAGO","QU1102","MIE[09:30-11:20]","6","1"
"1789514539-337","https://tec-appsext.itcr.ac.cr/guiahorarios/estudiante.aspx","CAMPUS TECNOLOGICO CENTRAL CARTAGO","QU1102","MIE[13:00-14:50]","7","1"
"1789514539-338","https://tec-appsext.itcr.ac.cr/guiahorarios/estudiante.aspx","CAMPUS TECNOLOGICO CENTRAL CARTAGO","QU1102","JUE[07:30-09:20]","9","1"
"1789514539-339","https://tec-appsext.itcr.ac.cr/guiahorarios/estudiante.aspx","CAMPUS TECNOLOGICO CENTRAL CARTAGO","QU1102","JUE[09:30-11:20]","10","1"
"1789514539-340","https://tec-appsext.itcr.ac.cr/guiahorarios/estudiante.aspx","CAMPUS TECNOLOGICO CENTRAL CARTAGO","QU1102","MAR[07:30-09:20]","1","1"
"1789514539-341","https://tec-appsext.itcr.ac.cr/guiahorarios/estudiante.aspx","CAMPUS TECNOLOGICO CENTRAL CARTAGO","QU1102","VIE[07:30-09:20]","13","1"
"1789514539-342","https://tec-appsext.itcr.ac.cr/guiahorarios/estudiante.aspx","CAMPUS TECNOLOGICO LOCAL SAN CARLOS","QU1102","MIE[16:10-17:55]","50","1"
"1789514539-343","https://tec-appsext.itcr.ac.cr/guiahorarios/estudiante.aspx","CAMPUS TECNOLOGICO LOCAL SAN CARLOS","QU1106","JUE[16:10-17:55] MAR[16:10-17:55]","50","3"
"1789514539-344","https://tec-appsext.itcr.ac.cr/guiahorarios/estudiante.aspx","CAMPUS TECNOLOGICO LOCAL SAN CARLOS","QU1106","JUE[12:30-14:15] MAR[12:30-14:15]","51","3"
"1789514539-345","https://tec-appsext.itcr.ac.cr/guiahorarios/estudiante.aspx","CAMPUS TECNOLOGICO CENTRAL CARTAGO","QU1106","JUE[07:30-09:20] MAR[07:30-09:20]","2","3"
"1789514539-346","https://tec-appsext.itcr.ac.cr/guiahorarios/estudiante.aspx","CENTRO ACADEMICO DE LIMON","QU1106","MAR[17:00-20:50]","60","3"
"1789514539-347","https://tec-appsext.itcr.ac.cr/guiahorarios/estudiante.aspx","CAMPUS TECNOLOGICO CENTRAL CARTAGO","QU1106","JUE[07:30-09:20] MAR[07:30-09:20]","1","3"
"1789514539-348","https://tec-appsext.itcr.ac.cr/guiahorarios/estudiante.aspx","CAMPUS TECNOLOGICO CENTRAL CARTAGO","QU1106","JUE[09:30-11:20] MAR[09:30-11:20]","3","3"
"1789514539-349","https://tec-appsext.itcr.ac.cr/guiahorarios/estudiante.aspx","CAMPUS TECNOLOGICO CENTRAL CARTAGO","QU1106","MIE[09:30-11:20] VIE[09:30-11:20]","9","3"
"1789514539-350","https://tec-appsext.itcr.ac.cr/guiahorarios/estudiante.aspx","CAMPUS TECNOLOGICO CENTRAL CARTAGO","QU1106","JUE[15:00-16:50] MAR[15:00-16:50]","7","3"
"1789514539-351","https://tec-appsext.itcr.ac.cr/guiahorarios/estudiante.aspx","CAMPUS TECNOLOGICO CENTRAL CARTAGO","QU1106","JUE[13:00-14:50] MAR[13:00-14:50]","5","3"
"1789514539-352","https://tec-appsext.itcr.ac.cr/guiahorarios/estudiante.aspx","CAMPUS TECNOLOGICO CENTRAL CARTAGO","QU1106","MIE[13:00-14:50] VIE[13:00-14:50]","11","3"
"1789514539-353","https://tec-appsext.itcr.ac.cr/guiahorarios/estudiante.aspx","CAMPUS TECNOLOGICO CENTRAL CARTAGO","SE1101","LUN[09:30-11:20]","1","0"
"1789514539-354","https://tec-appsext.itcr.ac.cr/guiahorarios/estudiante.aspx","CAMPUS TECNOLOGICO LOCAL SAN JOSE","SE1101","VIE[17:30-19:10]","40","0"
"1789514539-355","https://tec-appsext.itcr.ac.cr/guiahorarios/estudiante.aspx","CAMPUS TECNOLOGICO CENTRAL CARTAGO","SE1101","LUN[09:30-11:20]","1","0"
"1789514539-356","https://tec-appsext.itcr.ac.cr/guiahorarios/estudiante.aspx","CAMPUS TECNOLOGICO LOCAL SAN JOSE","SE1101","VIE[17:30-19:10]","40","0"
"1789514539-357","https://tec-appsext.itcr.ac.cr/guiahorarios/estudiante.aspx","CAMPUS TECNOLOGICO CENTRAL CARTAGO","SE1101","MAR[17:00-18:50]","2","0"
"1789514539-358","https://tec-appsext.itcr.ac.cr/guiahorarios/estudiante.aspx","CAMPUS TECNOLOGICO LOCAL SAN CARLOS","SE1101","MIE[14:20-16:05]","50","0"
"1789514539-359","https://tec-appsext.itcr.ac.cr/guiahorarios/estudiante.aspx","CAMPUS TECNOLOGICO CENTRAL CARTAGO","SE1102","LUN[18:00-19:50]","2","0"
"1789514539-360","https://tec-appsext.itcr.ac.cr/guiahorarios/estudiante.aspx","CAMPUS TECNOLOGICO CENTRAL CARTAGO","SE1102","MAR[09:30-11:20]","6","0"
"1789514539-361","https://tec-appsext.itcr.ac.cr/guiahorarios/estudiante.aspx","CAMPUS TECNOLOGICO CENTRAL CARTAGO","SE1102","LUN[18:00-19:50]","2","0"
"1789514539-362","https://tec-appsext.itcr.ac.cr/guiahorarios/estudiante.aspx","CAMPUS TECNOLOGICO CENTRAL CARTAGO","SE1102","MAR[09:30-11:20]","6","0"
"1789514539-363","https://tec-appsext.itcr.ac.cr/guiahorarios/estudiante.aspx","CAMPUS TECNOLOGICO LOCAL SAN JOSE","SE1102","JUE[09:30-11:20]","40","0"
"1789514539-364","https://tec-appsext.itcr.ac.cr/guiahorarios/estudiante.aspx","CAMPUS TECNOLOGICO CENTRAL CARTAGO","SE1102","LUN[07:30-09:20]","1","0"
"1789514539-365","https://tec-appsext.itcr.ac.cr/guiahorarios/estudiante.aspx","CAMPUS TECNOLOGICO CENTRAL CARTAGO","SE1102","MIE[09:30-11:20]","5","0"
"1789514539-366","https://tec-appsext.itcr.ac.cr/guiahorarios/estudiante.aspx","CAMPUS TECNOLOGICO CENTRAL CARTAGO","SE1102","LUN[07:30-09:20]","1","0"
"1789514539-367","https://tec-appsext.itcr.ac.cr/guiahorarios/estudiante.aspx","CAMPUS TECNOLOGICO CENTRAL CARTAGO","SE1102","MIE[09:30-11:20]","5","0"
"1789514539-368","https://tec-appsext.itcr.ac.cr/guiahorarios/estudiante.aspx","CAMPUS TECNOLOGICO LOCAL SAN CARLOS","SE1103","LUN[16:10-17:55]","50","0"
"1789514539-369","https://tec-appsext.itcr.ac.cr/guiahorarios/estudiante.aspx","CAMPUS TECNOLOGICO CENTRAL CARTAGO","SE1103","JUE[09:30-11:20]","1","0"
"1789514539-370","https://tec-appsext.itcr.ac.cr/guiahorarios/estudiante.aspx","CAMPUS TECNOLOGICO LOCAL SAN JOSE","SE1103","MAR[17:30-19:10]","40","0"
"1789514539-371","https://tec-appsext.itcr.ac.cr/guiahorarios/estudiante.aspx","CAMPUS TECNOLOGICO CENTRAL CARTAGO","SE1104","LUN[17:00-18:50]","1","0"
"1789514539-372","https://tec-appsext.itcr.ac.cr/guiahorarios/estudiante.aspx","CAMPUS TECNOLOGICO CENTRAL CARTAGO","SE1104","MAR[17:00-18:50]","2","0"
"1789514539-373","https://tec-appsext.itcr.ac.cr/guiahorarios/estudiante.aspx","CAMPUS TECNOLOGICO CENTRAL CARTAGO","SE1104","LUN[17:00-18:50]","1","0"
"1789514539-374","https://tec-appsext.itcr.ac.cr/guiahorarios/estudiante.aspx","CAMPUS TECNOLOGICO CENTRAL CARTAGO","SE1104","MAR[17:00-18:50]","2","0"
"1789514539-375","https://tec-appsext.itcr.ac.cr/guiahorarios/estudiante.aspx","CENTRO ACADEMICO DE ALAJUELA","SE1104","MIE[10:00-11:50]","20","0"
"1789514539-376","https://tec-appsext.itcr.ac.cr/guiahorarios/estudiante.aspx","CENTRO ACADEMICO DE ALAJUELA","SE1104","MIE[15:00-16:50]","21","0"
"1789514539-377","https://tec-appsext.itcr.ac.cr/guiahorarios/estudiante.aspx","CENTRO ACADEMICO DE LIMON","SE1104","JUE[13:00-14:50]","62","0"
"1789514539-378","https://tec-appsext.itcr.ac.cr/guiahorarios/estudiante.aspx","CENTRO ACADEMICO DE ALAJUELA","SE1104","MIE[10:00-11:50]","20","0"
"1789514539-379","https://tec-appsext.itcr.ac.cr/guiahorarios/estudiante.aspx","CENTRO ACADEMICO DE ALAJUELA","SE1104","MIE[15:00-16:50]","21","0"
"1789514539-380","https://tec-appsext.itcr.ac.cr/guiahorarios/estudiante.aspx","CENTRO ACADEMICO DE LIMON","SE1104","JUE[13:00-14:50]","62","0"
"1789514539-381","https://tec-appsext.itcr.ac.cr/guiahorarios/estudiante.aspx","CAMPUS TECNOLOGICO CENTRAL CARTAGO","SE1105","LUN[07:30-09:20]","1","0"
"1789514539-382","https://tec-appsext.itcr.ac.cr/guiahorarios/estudiante.aspx","CAMPUS TECNOLOGICO CENTRAL CARTAGO","SE1105","VIE[13:00-14:50]","8","0"
"1789514539-383","https://tec-appsext.itcr.ac.cr/guiahorarios/estudiante.aspx","CAMPUS TECNOLOGICO CENTRAL CARTAGO","SE1105","LUN[07:30-09:20]","1","0"
"1789514539-384","https://tec-appsext.itcr.ac.cr/guiahorarios/estudiante.aspx","CAMPUS TECNOLOGICO CENTRAL CARTAGO","SE1105","VIE[13:00-14:50]","8","0"
"1789514539-385","https://tec-appsext.itcr.ac.cr/guiahorarios/estudiante.aspx","CAMPUS TECNOLOGICO CENTRAL CARTAGO","SE1105","MAR[17:00-18:50]","5","0"
"1789514539-386","https://tec-appsext.itcr.ac.cr/guiahorarios/estudiante.aspx","CAMPUS TECNOLOGICO CENTRAL CARTAGO","SE1105","JUE[15:00-16:50]","6","0"
"1789514539-387","https://tec-appsext.itcr.ac.cr/guiahorarios/estudiante.aspx","CAMPUS TECNOLOGICO LOCAL SAN JOSE","SE1105","JUE[17:30-19:10]","40","0"
"1789514539-388","https://tec-appsext.itcr.ac.cr/guiahorarios/estudiante.aspx","CAMPUS TECNOLOGICO CENTRAL CARTAGO","SE1105","MAR[17:00-18:50]","5","0"
"1789514539-389","https://tec-appsext.itcr.ac.cr/guiahorarios/estudiante.aspx","CAMPUS TECNOLOGICO CENTRAL CARTAGO","SE1105","JUE[15:00-16:50]","6","0"
"1789514539-390","https://tec-appsext.itcr.ac.cr/guiahorarios/estudiante.aspx","CAMPUS TECNOLOGICO LOCAL SAN JOSE","SE1105","JUE[17:30-19:10]","40","0"
"1789514539-391","https://tec-appsext.itcr.ac.cr/guiahorarios/estudiante.aspx","CAMPUS TECNOLOGICO CENTRAL CARTAGO","SE1105","MAR[09:30-11:20]","2","0"
"1789514539-392","https://tec-appsext.itcr.ac.cr/guiahorarios/estudiante.aspx","CAMPUS TECNOLOGICO CENTRAL CARTAGO","SE1105","JUE[18:00-19:50]","7","0"
"1789514539-393","https://tec-appsext.itcr.ac.cr/guiahorarios/estudiante.aspx","CAMPUS TECNOLOGICO CENTRAL CARTAGO","SE1105","MAR[09:30-11:20]","2","0"
"1789514539-394","https://tec-appsext.itcr.ac.cr/guiahorarios/estudiante.aspx","CAMPUS TECNOLOGICO CENTRAL CARTAGO","SE1105","JUE[18:00-19:50]","7","0"
"1789514539-395","https://tec-appsext.itcr.ac.cr/guiahorarios/estudiante.aspx","CAMPUS TECNOLOGICO CENTRAL CARTAGO","SE1106","MAR[07:30-09:20]","1","0"
"1789514539-396","https://tec-appsext.itcr.ac.cr/guiahorarios/estudiante.aspx","CAMPUS TECNOLOGICO LOCAL SAN JOSE","SE1106","MIE[09:30-11:20]","40","0"
"1789514539-397","https://tec-appsext.itcr.ac.cr/guiahorarios/estudiante.aspx","CAMPUS TECNOLOGICO CENTRAL CARTAGO","SE1106","MAR[07:30-09:20]","1","0"
"1789514539-398","https://tec-appsext.itcr.ac.cr/guiahorarios/estudiante.aspx","CAMPUS TECNOLOGICO LOCAL SAN JOSE","SE1106","MIE[09:30-11:20]","40","0"
"1789514539-399","https://tec-appsext.itcr.ac.cr/guiahorarios/estudiante.aspx","CAMPUS TECNOLOGICO CENTRAL CARTAGO","SE1107","MAR[09:30-11:20]","1","0"
"1789514539-400","https://tec-appsext.itcr.ac.cr/guiahorarios/estudiante.aspx","CAMPUS TECNOLOGICO CENTRAL CARTAGO","SE1107","VIE[13:00-14:50]","2","0"
"1789514539-401","https://tec-appsext.itcr.ac.cr/guiahorarios/estudiante.aspx","CAMPUS TECNOLOGICO LOCAL SAN CARLOS","SE1107","JUE[09:45-11:30]","50","0"
"1789514539-402","https://tec-appsext.itcr.ac.cr/guiahorarios/estudiante.aspx","CAMPUS TECNOLOGICO LOCAL SAN JOSE","SE1107","MAR[15:00-16:50]","40","0"
"1789514539-403","https://tec-appsext.itcr.ac.cr/guiahorarios/estudiante.aspx","CENTRO ACADEMICO DE LIMON","SE1107","VIE[13:00-14:50]","60","0"
"1789514539-404","https://tec-appsext.itcr.ac.cr/guiahorarios/estudiante.aspx","CENTRO ACADEMICO DE LIMON","SE1107","VIE[15:00-16:50]","61","0"
"1789514539-405","https://tec-appsext.itcr.ac.cr/guiahorarios/estudiante.aspx","CENTRO ACADEMICO DE LIMON","SE1107","VIE[13:00-14:50]","60","0"
"1789514539-406","https://tec-appsext.itcr.ac.cr/guiahorarios/estudiante.aspx","CENTRO ACADEMICO DE LIMON","SE1107","VIE[15:00-16:50]","61","0"
"1789514539-407","https://tec-appsext.itcr.ac.cr/guiahorarios/estudiante.aspx","CAMPUS TECNOLOGICO CENTRAL CARTAGO","SE1109","LUN[07:30-09:20]","1","0"
"1789514539-408","https://tec-appsext.itcr.ac.cr/guiahorarios/estudiante.aspx","CAMPUS TECNOLOGICO CENTRAL CARTAGO","SE1109","MIE[07:30-09:20]","2","0"
"1789514539-409","https://tec-appsext.itcr.ac.cr/guiahorarios/estudiante.aspx","CAMPUS TECNOLOGICO CENTRAL CARTAGO","SE1109","LUN[07:30-09:20]","1","0"
"1789514539-410","https://tec-appsext.itcr.ac.cr/guiahorarios/estudiante.aspx","CAMPUS TECNOLOGICO CENTRAL CARTAGO","SE1109","MIE[07:30-09:20]","2","0"
"1789514539-411","https://tec-appsext.itcr.ac.cr/guiahorarios/estudiante.aspx","CAMPUS TECNOLOGICO LOCAL SAN CARLOS","SE1111","MIE[16:10-17:55]","50","0"
"1789514539-412","https://tec-appsext.itcr.ac.cr/guiahorarios/estudiante.aspx","CAMPUS TECNOLOGICO LOCAL SAN CARLOS","SE1201","MIE[09:45-11:30]","50","0"
"1789514539-413","https://tec-appsext.itcr.ac.cr/guiahorarios/estudiante.aspx","CAMPUS TECNOLOGICO CENTRAL CARTAGO","SE1201","MAR[07:30-09:20]","1","0"
"1789514539-414","https://tec-appsext.itcr.ac.cr/guiahorarios/estudiante.aspx","CAMPUS TECNOLOGICO CENTRAL CARTAGO","SE1201","MIE[07:30-09:20]","2","0"
"1789514539-415","https://tec-appsext.itcr.ac.cr/guiahorarios/estudiante.aspx","CAMPUS TECNOLOGICO CENTRAL CARTAGO","SE1201","MAR[07:30-09:20]","1","0"
"1789514539-416","https://tec-appsext.itcr.ac.cr/guiahorarios/estudiante.aspx","CAMPUS TECNOLOGICO CENTRAL CARTAGO","SE1201","MIE[07:30-09:20]","2","0"
"1789514539-417","https://tec-appsext.itcr.ac.cr/guiahorarios/estudiante.aspx","CAMPUS TECNOLOGICO CENTRAL CARTAGO","SE1204","MIE[09:30-11:20]","5","0"
"1789514539-418","https://tec-appsext.itcr.ac.cr/guiahorarios/estudiante.aspx","CAMPUS TECNOLOGICO LOCAL SAN CARLOS","SE1204","MAR[07:00-08:45]","50","0"
"1789514539-419","https://tec-appsext.itcr.ac.cr/guiahorarios/estudiante.aspx","CAMPUS TECNOLOGICO CENTRAL CARTAGO","SE1204","LUN[07:30-09:20]","1","0"
"1789514539-420","https://tec-appsext.itcr.ac.cr/guiahorarios/estudiante.aspx","CAMPUS TECNOLOGICO CENTRAL CARTAGO","SE1204","LUN[09:30-11:20]","2","0"
"1789514539-421","https://tec-appsext.itcr.ac.cr/guiahorarios/estudiante.aspx","CAMPUS TECNOLOGICO CENTRAL CARTAGO","SE1204","LUN[07:30-09:20]","1","0"
"1789514539-422","https://tec-appsext.itcr.ac.cr/guiahorarios/estudiante.aspx","CAMPUS TECNOLOGICO CENTRAL CARTAGO","SE1204","LUN[09:30-11:20]","2","0"
"1789514539-423","https://tec-appsext.itcr.ac.cr/guiahorarios/estudiante.aspx","CAMPUS TECNOLOGICO CENTRAL CARTAGO","SE1204","JUE[17:00-18:50]","9","0"
"1789514539-424","https://tec-appsext.itcr.ac.cr/guiahorarios/estudiante.aspx","CAMPUS TECNOLOGICO LOCAL SAN CARLOS","SE1204","JUE[07:00-08:45]","51","0"
"1789514539-425","https://tec-appsext.itcr.ac.cr/guiahorarios/estudiante.aspx","CAMPUS TECNOLOGICO CENTRAL CARTAGO","SE1204","MIE[13:00-14:50]","6","0"
"1789514539-426","https://tec-appsext.itcr.ac.cr/guiahorarios/estudiante.aspx","CAMPUS TECNOLOGICO CENTRAL CARTAGO","SE1204","MIE[15:00-16:50]","7","0"
"1789514539-427","https://tec-appsext.itcr.ac.cr/guiahorarios/estudiante.aspx","CAMPUS TECNOLOGICO CENTRAL CARTAGO","SE1204","JUE[09:30-11:20]","8","0"
"1789514539-428","https://tec-appsext.itcr.ac.cr/guiahorarios/estudiante.aspx","CAMPUS TECNOLOGICO CENTRAL CARTAGO","SE1204","MIE[13:00-14:50]","6","0"
"1789514539-429","https://tec-appsext.itcr.ac.cr/guiahorarios/estudiante.aspx","CAMPUS TECNOLOGICO CENTRAL CARTAGO","SE1204","MIE[15:00-16:50]","7","0"
"1789514539-430","https://tec-appsext.itcr.ac.cr/guiahorarios/estudiante.aspx","CAMPUS TECNOLOGICO CENTRAL CARTAGO","SE1204","JUE[09:30-11:20]","8","0"
"1789514539-431","https://tec-appsext.itcr.ac.cr/guiahorarios/estudiante.aspx","CAMPUS TECNOLOGICO CENTRAL CARTAGO","SE1205","MIE[09:30-11:20]","5","0"
"1789514539-432","https://tec-appsext.itcr.ac.cr/guiahorarios/estudiante.aspx","CENTRO ACADEMICO DE ALAJUELA","SE1205","MIE[09:00-10:50]","20","0"
"1789514539-433","https://tec-appsext.itcr.ac.cr/guiahorarios/estudiante.aspx","CAMPUS TECNOLOGICO CENTRAL CARTAGO","SE1205","MAR[07:30-09:20]","2","0"
"1789514539-434","https://tec-appsext.itcr.ac.cr/guiahorarios/estudiante.aspx","CAMPUS TECNOLOGICO CENTRAL CARTAGO","SE1205","LUN[09:30-11:20]","1","0"
"1789514539-435","https://tec-appsext.itcr.ac.cr/guiahorarios/estudiante.aspx","CAMPUS TECNOLOGICO CENTRAL CARTAGO","SE1205","JUE[07:30-09:20]","6","0"
"1789514539-436","https://tec-appsext.itcr.ac.cr/guiahorarios/estudiante.aspx","CAMPUS TECNOLOGICO CENTRAL CARTAGO","SE1205","LUN[09:30-11:20]","1","0"
"1789514539-437","https://tec-appsext.itcr.ac.cr/guiahorarios/estudiante.aspx","CAMPUS TECNOLOGICO CENTRAL CARTAGO","SE1205","JUE[07:30-09:20]","6","0"
"1789514539-438","https://tec-appsext.itcr.ac.cr/guiahorarios/estudiante.aspx","CAMPUS TECNOLOGICO LOCAL SAN CARLOS","SE1205","MIE[07:00-08:45]","50","0"
"1789514539-439","https://tec-appsext.itcr.ac.cr/guiahorarios/estudiante.aspx","CAMPUS TECNOLOGICO CENTRAL CARTAGO","SE1205","JUE[09:30-11:20]","7","0"
"1789514539-440","https://tec-appsext.itcr.ac.cr/guiahorarios/estudiante.aspx","CAMPUS TECNOLOGICO LOCAL SAN JOSE","SE1205","JUE[09:30-11:20]","40","0"
"1789514539-441","https://tec-appsext.itcr.ac.cr/guiahorarios/estudiante.aspx","CAMPUS TECNOLOGICO CENTRAL CARTAGO","SE1206","MAR[09:30-11:20]","1","0"
"1789514539-442","https://tec-appsext.itcr.ac.cr/guiahorarios/estudiante.aspx","CAMPUS TECNOLOGICO CENTRAL CARTAGO","SE1206","MAR[09:30-11:20]","2","0"
"1789514539-443","https://tec-appsext.itcr.ac.cr/guiahorarios/estudiante.aspx","CAMPUS TECNOLOGICO LOCAL SAN CARLOS","SE1206","MIE[12:30-14:15]","50","0"
"1789514539-444","https://tec-appsext.itcr.ac.cr/guiahorarios/estudiante.aspx","CAMPUS TECNOLOGICO CENTRAL CARTAGO","SE1206","VIE[13:00-14:50]","6","0"
"1789514539-445","https://tec-appsext.itcr.ac.cr/guiahorarios/estudiante.aspx","CAMPUS TECNOLOGICO CENTRAL CARTAGO","SE1206","LUN[07:30-09:20]","5","0"
"1789514539-446","https://tec-appsext.itcr.ac.cr/guiahorarios/estudiante.aspx","CAMPUS TECNOLOGICO LOCAL SAN JOSE","SE1206","MIE[15:00-16:50]","40","0"
"1789514539-447","https://tec-appsext.itcr.ac.cr/guiahorarios/estudiante.aspx","CAMPUS TECNOLOGICO CENTRAL CARTAGO","SE1209","LUN[07:30-09:20]","1","0"
"1789514539-448","https://tec-appsext.itcr.ac.cr/guiahorarios/estudiante.aspx","CAMPUS TECNOLOGICO CENTRAL CARTAGO","SE1209","MAR[09:30-11:20]","2","0"
"1789514539-449","https://tec-appsext.itcr.ac.cr/guiahorarios/estudiante.aspx","CAMPUS TECNOLOGICO CENTRAL CARTAGO","SE1218","MAR[09:30-11:20]","1","0"
"1789514539-450","https://tec-appsext.itcr.ac.cr/guiahorarios/estudiante.aspx","CAMPUS TECNOLOGICO LOCAL SAN JOSE","SE1218","MIE[17:30-19:10]","40","0"
"1789514539-451","https://tec-appsext.itcr.ac.cr/guiahorarios/estudiante.aspx","CAMPUS TECNOLOGICO LOCAL SAN JOSE","SE1218","JUE[13:00-14:50]","41","0"
"1789514539-452","https://tec-appsext.itcr.ac.cr/guiahorarios/estudiante.aspx","CAMPUS TECNOLOGICO LOCAL SAN JOSE","SE1218","MAR[13:00-14:50]","42","0"
"1789514539-453","https://tec-appsext.itcr.ac.cr/guiahorarios/estudiante.aspx","CAMPUS TECNOLOGICO CENTRAL CARTAGO","SE1218","MAR[09:30-11:20]","1","0"
"1789514539-454","https://tec-appsext.itcr.ac.cr/guiahorarios/estudiante.aspx","CAMPUS TECNOLOGICO LOCAL SAN JOSE","SE1218","MIE[17:30-19:10]","40","0"
"1789514539-455","https://tec-appsext.itcr.ac.cr/guiahorarios/estudiante.aspx","CAMPUS TECNOLOGICO LOCAL SAN JOSE","SE1218","JUE[13:00-14:50]","41","0"
"1789514539-456","https://tec-appsext.itcr.ac.cr/guiahorarios/estudiante.aspx","CAMPUS TECNOLOGICO LOCAL SAN JOSE","SE1218","MAR[13:00-14:50]","42","0"
"1789514539-457","https://tec-appsext.itcr.ac.cr/guiahorarios/estudiante.aspx","CAMPUS TECNOLOGICO CENTRAL CARTAGO","SE1219","LUN[07:30-09:20]","1","0"
"1789514539-458","https://tec-appsext.itcr.ac.cr/guiahorarios/estudiante.aspx","CAMPUS TECNOLOGICO CENTRAL CARTAGO","SE1219","MAR[15:00-16:50]","2","0"
"1789514539-459","https://tec-appsext.itcr.ac.cr/guiahorarios/estudiante.aspx","CAMPUS TECNOLOGICO LOCAL SAN CARLOS","SE1220","MAR[12:30-14:15]","50","0"
"1789514539-460","https://tec-appsext.itcr.ac.cr/guiahorarios/estudiante.aspx","CENTRO ACADEMICO DE LIMON","SE1220","JUE[15:00-16:50]","60","0"
"1789514539-461","https://tec-appsext.itcr.ac.cr/guiahorarios/estudiante.aspx","CENTRO ACADEMICO DE LIMON","SE1220","JUE[17:00-18:50]","61","0"
"1789514539-462","https://tec-appsext.itcr.ac.cr/guiahorarios/estudiante.aspx","CENTRO ACADEMICO DE LIMON","SE1220","JUE[15:00-16:50]","60","0"
"1789514539-463","https://tec-appsext.itcr.ac.cr/guiahorarios/estudiante.aspx","CENTRO ACADEMICO DE LIMON","SE1220","JUE[17:00-18:50]","61","0"
"1789514539-464","https://tec-appsext.itcr.ac.cr/guiahorarios/estudiante.aspx","CAMPUS TECNOLOGICO CENTRAL CARTAGO","SE1221","MAR[09:30-11:20]","1","0"
"1789514539-465","https://tec-appsext.itcr.ac.cr/guiahorarios/estudiante.aspx","CENTRO ACADEMICO DE ALAJUELA","SE1221","VIE[09:00-10:50]","20","0"
"1789514539-466","https://tec-appsext.itcr.ac.cr/guiahorarios/estudiante.aspx","CAMPUS TECNOLOGICO CENTRAL CARTAGO","SE1221","MAR[09:30-11:20]","1","0"
"1789514539-467","https://tec-appsext.itcr.ac.cr/guiahorarios/estudiante.aspx","CENTRO ACADEMICO DE ALAJUELA","SE1221","VIE[09:00-10:50]","20","0"
"1789514539-468","https://tec-appsext.itcr.ac.cr/guiahorarios/estudiante.aspx","CAMPUS TECNOLOGICO LOCAL SAN CARLOS","SE1221","MIE[16:10-17:55]","50","0"
"1789514539-469","https://tec-appsext.itcr.ac.cr/guiahorarios/estudiante.aspx","CAMPUS TECNOLOGICO CENTRAL CARTAGO","SE1222","MIE[09:30-11:20]","1","0"
"1789514539-470","https://tec-appsext.itcr.ac.cr/guiahorarios/estudiante.aspx","CAMPUS TECNOLOGICO CENTRAL CARTAGO","SE1222","VIE[09:30-11:20]","2","0"
"1789514539-471","https://tec-appsext.itcr.ac.cr/guiahorarios/estudiante.aspx","CAMPUS TECNOLOGICO CENTRAL CARTAGO","SE1222","MIE[09:30-11:20]","1","0"
"1789514539-472","https://tec-appsext.itcr.ac.cr/guiahorarios/estudiante.aspx","CAMPUS TECNOLOGICO CENTRAL CARTAGO","SE1222","VIE[09:30-11:20]","2","0"
"1789514539-473","https://tec-appsext.itcr.ac.cr/guiahorarios/estudiante.aspx","CAMPUS TECNOLOGICO LOCAL SAN CARLOS","SE1222","LUN[09:45-11:30]","50","0"
"1789514539-474","https://tec-appsext.itcr.ac.cr/guiahorarios/estudiante.aspx","CAMPUS TECNOLOGICO LOCAL SAN CARLOS","SE1223","JUE[12:30-14:15]","50","0"
"1789514539-475","https://tec-appsext.itcr.ac.cr/guiahorarios/estudiante.aspx","CAMPUS TECNOLOGICO LOCAL SAN JOSE","SE1223","MAR[09:30-11:20]","40","0"
"1789514539-476","https://tec-appsext.itcr.ac.cr/guiahorarios/estudiante.aspx","CAMPUS TECNOLOGICO LOCAL SAN CARLOS","SE2110","MIE[09:45-11:30]","50","0"
"1789514539-477","https://tec-appsext.itcr.ac.cr/guiahorarios/estudiante.aspx","CAMPUS TECNOLOGICO LOCAL SAN CARLOS","SE2111","MAR[12:30-14:15]","50","0"
"1789514539-478","https://tec-appsext.itcr.ac.cr/guiahorarios/estudiante.aspx","CAMPUS TECNOLOGICO LOCAL SAN CARLOS","SO4604","MAR[07:55-10:35]","50","3"
"1789514539-479","https://tec-appsext.itcr.ac.cr/guiahorarios/estudiante.aspx","CAMPUS TECNOLOGICO CENTRAL CARTAGO","SO4604","JUE[13:00-15:50]","2","3"
"1789514539-480","https://tec-appsext.itcr.ac.cr/guiahorarios/estudiante.aspx","CENTRO ACADEMICO DE LIMON","SO4604","JUE[07:30-10:20]","60","3"
"1789514539-481","https://tec-appsext.itcr.ac.cr/guiahorarios/estudiante.aspx","CENTRO ACADEMICO DE ALAJUELA","SO4604","MIE[13:00-15:50]","20","3"
"1789514539-482","https://tec-appsext.itcr.ac.cr/guiahorarios/estudiante.aspx","CAMPUS TECNOLOGICO CENTRAL CARTAGO","SO4604","LUN[07:30-10:20]","1","3"
"1789514539-483","https://tec-appsext.itcr.ac.cr/guiahorarios/estudiante.aspx","CAMPUS TECNOLOGICO CENTRAL CARTAGO","SO4604","JUE[17:00-19:50]","3","3"
"1789514539-484","https://tec-appsext.itcr.ac.cr/guiahorarios/estudiante.aspx","CAMPUS TECNOLOGICO CENTRAL CARTAGO","SO4604","MIE[13:00-15:50]","4","3"
"1789514539-485","https://tec-appsext.itcr.ac.cr/guiahorarios/estudiante.aspx","CAMPUS TECNOLOGICO CENTRAL CARTAGO","SO4604","VIE[07:30-10:20]","5","3"
